:020000040800F2
:10000000B8D000247D040008058F0008C1840008D2
:10001000A18E0008BD0C000885B00008000000009B
:10002000000000000000000000000000BD03000808
:100030000D1700080000000019040008879500084B
:100040009704000897040008970400089704000824
:100050009704000897040008970400089704000814
:10006000970400089704000897040008B10E0008E0
:10007000C10E0008D10E0008E10E0008F10E0008C4
:10008000010F0008110F0008970400081517000859
:100090002517000897040008970400089704000833
:1000A0009704000831970008970400089704000897
:1000B00097040008970400089704000897040008B4
:1000C00097040008970400089704000897040008A4
:1000D000970400082DB000089704000859B00008E4
:1000E0009704000897040008000000009704000827
:1000F000970400089704000897040008210F0008DF
:100100009704000897040008970400089704000863
:10011000399D000897040008970400089704000818
:10012000310F0008410F0008510F00089704000824
:100130009704000897040008970400089704000833
:1001400000000000000000000000000000000000AF
:100150009704000897040008970400089704000813
:100160009704000897040008970400089704000803
:100170009704000897040008970400080000000096
:100180009704000897040008659D0008919D0008E9
:1001900097040008970400089704000897040008D3
:1001A0009704000897040008970400080000000066
:1001B00097040008970400089704000897040008B3
:1001C00097040008970400080000000000000000E9
:1001D000000000000000000097040008000000007C
:1001E000000000000000000000000000000000000F
:1001F00000000000000000009704000897040008B9
:100200009704000897040008000000009704000805
:100210009704000897040008970400089704000852
:100220009704000800000000970400080000000088
:1002300097040008970400080000000097040008D5
:100240009704000897040008970400089704000822
:100250009704000897040008970400089704000812
:100260009704000897040008970400089704000802
:100270009704000897040008970400080000000095
:1002800097040008970400089704000897040008E2
:100290000000000097040008970400080000000018
:1002A0000000000097040008970400089704000865
:1002B0009704000897040008970400083517000801
:1002C00097040008970400089704000800F002F85B
:1002D00000F065F80AA090E8000C82448344AAF17B
:1002E0000107DA4501D100F05AF8AFF2090EBAE879
:1002F0000F0013F0010F18BFFB1A43F0010318475A
:10030000004B0100204B01000A444FF0000C10F894
:10031000013B13F0070408BF10F8014B1D1108BF83
:1003200010F8015B641E05D010F8016B641E01F823
:10033000016BF9D113F0080F1EBF10F8014BAD1C73
:100340000C1B09D16D1E58BF01F801CBFAD505E091
:1003500014F8016B01F8016B6D1EF9D59142D6D3EB
:10036000704700000023002400250026103A28BF13
:1003700078C1FBD8520728BF30C148BF0B60704717
:100380001FB513F0F1FD9DE8030000F005FB00F040
:10039000BBFA1FBD10B5002000F03FFB10BD00F000
:1003A00096FB1146FFF7ECFF11F064FC00F0B4FB84
:1003B00003B4FFF7EFFF03BC00F018FC2C4B1968E7
:1003C0000868B0E8F04F80F30988BFF36F8F4FF0F3
:1003D000000080F3118870470000000008480068A2
:1003E000006880F308884FF0000080F3148862B63C
:1003F00061B6BFF34F8FBFF36F8F00DF00BF00BF49
:1004000008ED00E0DFF80C00016841F470010160C4
:10041000704700BF88ED00E0EFF30980BFF36F8FF6
:10042000134B1A681EF0100F08BF20ED108A20E948
:10043000F04F106009B44FF0500080F31188BFF303
:100440004F8FBFF36F8F12F0ADFD4FF0000080F3C0
:10045000118809BC19680868B0E8F04F1EF0100F49
:1004600008BFB0EC108A80F30988BFF36F8F704724
:1004700078000024EFF305807047000009488047AA
:1004800009480047FEE7FEE7FEE7FEE7FEE7FEE776
:10049000FEE7FEE7FEE7FEE704480549054A064B8E
:1004A0007047000051960008CD020008B8BC002437
:1004B000B8D00024B8CC0024B8CC00249FED1A1A80
:1004C000F5EE000A40EE010ABDEEE00AF5EEC00AC4
:1004D00010EE100AF1EE10FA38BF401E00EE100ABE
:1004E0001349F7EE001AB8EEC00A30EEC00ADFED8D
:1004F0000F0A20EE200AFCEEC00A10EE900AC0F3AC
:10050000080000EE900A01EB8000F8EE600A90ED22
:10051000011A70EE600A90ED000A71EEE01A21EE09
:10052000800A00EE810A704783F9223E00000044F1
:1005300008450108DFED190AB5EEC00A60EE200A91
:10054000BDEEE01A11EE100AF1EE10FA38BF401EAF
:1005500000EE100A1349F7EE001AB8EEC00A30EEAA
:10056000C00ADFED0F0A60EE200ABCEEE00A10EED2
:10057000100AC0F3080000EE100A01EB8000B8EE8C
:10058000400A90ED011A70EEC00A90ED000A71EE7B
:10059000E01A21EE800A00EE810A704783F9223EBC
:1005A000000000440845010870B5064600F0D0F987
:1005B000056806F10B0020F00704B4429CBF002040
:1005C00070BD2B466A68BAB11068A04210D304F11E
:1005D000080188423CBF5068586007D35168101921
:1005E00041601168091B016058601460101D70BDE6
:1005F00013465268002AE7D12146284600F0B8F990
:100600000028DED170BD70B50446051F00F0A0F9CA
:100610000068002C14BF446870BD002C18BFAC42A9
:100620003CBF20466468F8D301680A18AA4218BF84
:10063000456003D12A6805461144016028684119C4
:10064000A1421CBF6C6070BD61686960216808448C
:10065000286070BD53EA020C00F069802DE9F04B70
:100660004FF00006002B1FBFB3FA83F503FA05F421
:1006700024FA05F65E4012BF1643B2FA82F502FA7A
:1006800005F4C5F120051EBF22FA05FC44EA0C045E
:10069000203556EA044C4FEA144418BF641C4FF04E
:1006A00000084FF00009904271EB030C39D3002988
:1006B00019BFB1FA81F701FA07F6B0FA80F700FA2C
:1006C00007F6C7F120071EBF20FA07FC46EA0C0612
:1006D0002037B6FBF4FCA7EB0507103F07F01F0B14
:1006E000CBF120060CFA0BFB2CFA06F644BFB346FE
:1006F0000026202FA4BF5E464FF0000B5BEA060CDD
:1007000008BF4FF0010B19EB0B09ABFB027C48EB68
:100710000608C01B06FB02CC0BFB03CC71EB0C01E3
:10072000C1E70B46024641464846BDE8F08B13B58B
:100730004FF000004FF00001AFF30080BDE81C4017
:1007400070472DE9F041074615460E461020FFF789
:100750002BFF04000AD06760C4E9026500F000F9CD
:100760000168216004600020BDE8F0810120FBE702
:10077000032A40F2308010F0030C00F0158011F8CD
:10078000013BBCF1020F624498BF11F801CB00F8A5
:10079000013B38BF11F8013BA2F1040298BF00F8F9
:1007A00001CB38BF00F8013B11F0030300F02580B6
:1007B000083AC0F0088051F8043B083A51F804CBDD
:1007C000A0E80810F5E7121D5CBF51F8043B40F8A3
:1007D000043BAFF30080D20724BF11F8013B11F8AE
:1007E00001CB48BF11F8012B24BF00F8013B00F8F2
:1007F00001CB48BF00F8012B704710B5203AC0F07C
:100800000B80B1E81850203AA0E81850B1E8185011
:10081000A0E81850BFF4F5AF5FEA027C24BFB1E84E
:100820001850A0E8185044BF18C918C0BDE81040BF
:100830005FEA827C24BF51F8043B40F8043B08BFC8
:100840007047D20728BF31F8023B48BF11F8012B8F
:1008500028BF20F8023B48BF00F8012B704702F088
:10086000FF0343EA032242EA024200F002B84FF0DB
:1008700000020429C0F0128010F0030C00F01B806D
:10088000CCF1040CBCF1020F18BF00F8012BA8BF7B
:1008900020F8022BA1EB0C0100F00DB85FEAC17C3F
:1008A00024BF00F8012B00F8012B48BF00F8012BF2
:1008B00070474FF0000200B5134694469646203923
:1008C00022BFA0E80C50A0E80C50B1F12001BFF409
:1008D000F7AF090728BFA0E80C5048BF0CC05DF86F
:1008E00004EB890028BF40F8042B08BF704748BFBD
:1008F00020F8022B11F0804F18BF00F8012B704731
:10090000704770477047000070B5064C7C44064D38
:100910007D4403E0206820448047241DAC42F9D187
:1009200070BD000010450100304501002DE9F04187
:1009300017460E46054633B107FB0354E41B204619
:10094000B047A542FAD1A5F10800BDE8F08100004A
:10095000004870475CBC00240048704788BC0024F5
:10096000004870478CBC0024704770477047704740
:1009700038B504460A4600206946AFF300800028D7
:1009800008BF38BD02460099204600F071F80120EA
:1009900038BD012000F086B8F8B5AFF300800546F9
:1009A00000200C46102000BF0646A819A0420DD911
:1009B000324669460020AFF30080070008BF00F010
:1009C00071F80098A04218BF0546C419FFF7C0FF90
:1009D00005600746F01D20F007004619284600F084
:1009E0000AF8B44208BFF8BDA21B31463868BDE81A
:1009F000F84000F03DB800210160C0E901107047E7
:100A00001020704710B500F02FF8006810BD10B529
:100A1000044600F029F8046010BD2DE9F0410646B7
:100A2000FFF79EFF8046454613E016B1E068B042EE
:100A30000ED120682860D4E90101D8F800708847F9
:100A40002046FFF7E0FDD8F80000B842EBD100E007
:100A500025462C68002CE8D1BDE8F08100F029B8CB
:100A60000048704754BC00240048704754BC002420
:100A7000034640688C46002818BF88423CBF0346A6
:100A80004068F8D318681844884207D00CF1030076
:100A900020F00700001D411A521A0146081D0A6085
:100AA000FFF7B1BD10B500F051F8BDE8104000F0FF
:100AB00047B810B500F075F8016919B1002202615C
:100AC000884701E08068804700F02FF8704775463E
:100AD000FFF7C6FFAE4605006946534620F0070003
:100AE000854618B020B5FFF7D7FCBDE820404FF091
:100AF00000064FF000074FF000084FF0000B21F008
:100B00000701AC46ACE8C009ACE8C009ACE8C009D4
:100B1000ACE8C0098D46704710B50446AFF30080BD
:100B20002046BDE81040FFF743BC10B5002000F0A0
:100B300080F8FFF72FFCBDE81040012000F056B808
:100B4000002801D000F052B87047000010B501280D
:100B500005D0002103A000F053F8012010BD09A129
:100B6000F8E7000053494752544D454D3A204F7520
:100B700074206F662068656170206D656D6F727995
:100B8000000000003A2048656170206D656D6F724D
:100B90007920636F727275707465640010B5FFF729
:100BA000C4FF70B500F028F804680546A4B92020F9
:100BB000FFF7FAFC040011D0094900202C60C4E9B9
:100BC00000010849A1602073206160610649A061AD
:100BD00009B100F035F8E061204670BDFFF7A5FFD0
:100BE000000000009D0B00080000000001491820D3
:100BF000ABBEFEE7260002000048704790BC002410
:100C000070B505460C460A2000E06D1C00F036F871
:100C100035B128780028F8D102E0641C00F02EF8E5
:100C200014B120780028F8D1BDE870400A2000F007
:100C300025B810B500F02AF8BDE81040FFF780BFD6
:100C400010B58820FFF7B0FC002801D0002101700A
:100C500010BD802902D808B1017809B10020704781
:100C6000012100F8081B704718B100F108029142F9
:100C700001D00020704700210170704708B5694617
:100C80008DF800000320ABBE08BD000010B50021A8
:100C900002A0FFF7B5FF012010BD000053494741F6
:100CA0004252543A2041626E6F726D616C207465DD
:100CB000726D696E6174696F6E00000000BFFEE7BF
:100CC00000BF4FF0FF3208490848006812F0CAFC24
:100CD0000028F6D00448416805480EF0AFF901211C
:100CE00004480BF013F8ECE7C00100243C0000249A
:100CF000586A0024D067002400BF4FF0FF32084933
:100D00000848006812F0AEFC0028F6D0044841689C
:100D100005480EF04DFB022104480AF0F7FFECE70E
:100D2000C801002440000024586A0024D067002431
:100D300000BF4FF0FF3208490848006812F092FCEB
:100D40000028F6D00448416805480EF0E3FC032172
:100D500004480AF0DBFFECE7D00100244400002443
:100D6000586A0024D06700241CB532480CF002FFFA
:100D700000BF30480DF054FA2E480DF0D5FB2D4839
:100D800090F8AB04D0B99FED2C2ADFED2B1A9FED24
:100D90002A1ADFED290A9FED280A2849A1F124002B
:100DA00010F0A5F8002000900346024623491839A8
:100DB0000190A1F10C0010F066F929E01D480DF03A
:100DC000B3FF1C480CF0D4FF1A48B0F9B010B0F9CA
:100DD0009C00CDE900011748B0F98830B0F97420C3
:100DE00016491839A1F10C0010F04DF9144890ED96
:100DF0008F0AB0EE402ADFED101A9FED0F1ADFEDDB
:100E00000E0A9FED0D0A0D49A1F1240010F06FF8B4
:100E100000231A460B490C48006812F0D1FA12F070
:100E2000BBFD04462146034810F06CFC022010F084
:100E30004DFF9EE71057002400000000906D002435
:100E4000445F0024686E00243800002412480FF02C
:100E5000EFFC00BF1148D0F8DC0090F8520000EE23
:100E6000100AB8EE400A0E4880ED010A0D4A022130
:100E70000AF01EFE08480FF055FD07480FF038FD38
:100E800000231A4608490948006812F099FA02201E
:100E900010F01CFFDEE70000745C0024586A002498
:100EA000105C0024DCB70024786E00243800002495
:100EB00010B5024801F042FA10BD0000100C0024E9
:100EC00010B5024801F03AFA10BD0000880C002469
:100ED00010B5024801F032FA10BD000040090024AC
:100EE00010B5024801F02AFA10BD0000B80900242C
:100EF00010B5024801F022FA10BD0000300A0024AB
:100F000010B5024801F01AFA10BD0000A80A00242A
:100F100010B5024801F012FA10BD0000E4050024EB
:100F200010B5024801F00AFA10BD0000200B0024A1
:100F300010B5024801F002FA10BD0000980B002421
:100F400010B5024801F0FAF910BD0000000D0024B0
:100F500010B5024801F0F2F910BD0000780D002430
:100F60000146374A0868904249D0354A1832086825
:100F7000904244D0324A3032086890423FD0304AE2
:100F80004832086890423AD02D4A60320868904250
:100F900035D02B4A78320868904230D0284A9032B7
:100FA000086890422BD0264AA8320868904226D082
:100FB000244A0868904222D0224A18320868904297
:100FC0001DD0204A30320868904218D01D4A48325D
:100FD0000868904213D01B4A6032086890420ED0D5
:100FE000184A78320868904209D0164A9032086848
:100FF000904204D0134AA8320868904201D10120DF
:1010000000E00020B0B10A78103A1823B2FBF3F0E8
:1010100000F007020C4B9A5CCA65032805D90A68E0
:101020006FF30902121D8A6503E00A686FF3090273
:101030008A6503E0086820F0FF008865886D7047C6
:1010400010000240100402406C41010810B5026813
:101050002B4C0368A34222D0294C14340368A342CA
:101060001DD0274C28340368A34218D0244C3C34AC
:101070000368A34213D0224C50340368A3420ED01D
:101080001F4C64340368A34209D01D4C78340368B4
:10109000A34204D01A4C8C340368A34201D101232B
:1010A00000E000238BB10378083B1424B3FBF4F178
:1010B000144B03EB81030366124B8033436601F04C
:1010C0001F040123A340836618E00378103B182413
:1010D000B3FBF4F10C4B9A4204D80B4BA83B9A4259
:1010E00000D30831094B03EB81030366074B8033C0
:1010F000436601F01F040123A340836610BD000076
:101100000854025800580258B8040240000802402F
:101110000179A9B3082940D8204B02689A4222D00D
:101120001E4B143302689A421DD01C4B28330268B0
:101130009A4218D0194B3C3302689A4213D0174B8D
:10114000503302689A420ED0144B643302689A42BC
:1011500009D0124B783302689A4204D00F4B8C337B
:1011600002689A4201D1012200E000224AB14A1EDF
:101170000B4B03EB8202C266094A4032026708E069
:101180000BE04A1E074B03EB8202C266054A40325F
:1011900002674A1E01239340436770470854025870
:1011A0000059025800090240014600208A69D2B95C
:1011B0008A6A32B1012A0DD0022A03D0032A10D143
:1011C0000EE000BFCA6A02F08072B2F1807F00D1E7
:1011D000012007E0CA6AB2F1C07F00D1012001E01E
:1011E00000E000BF36E08A69B2F5005F1BD18A6A71
:1011F00032B1012A07D0022A03D0032A11D10AE012
:1012000000BF01200EE0CA6A02F08072B2F1807F56
:1012100000D1012006E0CA6AB2F1C07F00D10120EE
:1012200000E000BF16E08A6A32B1012A05D0022A26
:1012300004D0032A0CD103E000BF00BF012008E066
:10124000CA6A02F08072B2F1807F00D1012000E012
:1012500000BF00BF70470000F0B5856D846D984FEA
:101260000668BE4270D0964F18370668BE426BD0F3
:10127000934F30370668BE4266D0914F48370668B4
:10128000BE4261D08E4F60370668BE425CD08C4F44
:1012900078370668BE4257D0894F90370668BE42FD
:1012A00052D0874FA8370668BE424DD0854F06689A
:1012B000BE4249D0834F18370668BE4244D0814FA2
:1012C00030370668BE423FD07E4F48370668BE4280
:1012D0003AD07C4F60370668BE4235D0794F7837B8
:1012E0000668BE4230D0774F90370668BE422BD09A
:1012F000744FA8370668BE4226D0734F0668BE42B8
:1013000022D0714F14370668BE421DD06E4F283769
:101310000668BE4218D06C4F3C370668BE4213D0F8
:10132000694F50370668BE420ED0674F6437066873
:10133000BE4209D0644F78370668BE4204D0624F7F
:101340008C370668BE4201D1012600E000263EB17E
:10135000D0E919767E60C66E16B1D0E91C767E6043
:10136000574F0668BE4249D0554F18370668BE42EF
:1013700044D0534F30370668BE423FD0504F4837B5
:101380000668BE423AD04E4F60370668BE4235D03E
:101390004B4F78370668BE4230D0494F90370668C9
:1013A000BE422BD0464FA8370668BE4226D0454FD6
:1013B0000668BE4222D0434F18370668BE421DD091
:1013C000404F30370668BE4218D03E4F4837066857
:1013D000BE4213D03B4F60370668BE420ED0394F35
:1013E00078370668BE4209D0364F90370668BE424D
:1013F00004D0344FA8370668BE4201D1012600E070
:101400000026DEB190F85C6006F01F073F26BE4064
:10141000AE600668366826F4802607683E60066877
:1014200073608668402E04D10668B2600668F16079
:1014300044E00668B1600668F2603FE0224F06684B
:10144000BE4222D0204F14370668BE421DD01E4F28
:1014500028370668BE4218D01B4F3C370668BE428C
:1014600013D0194F50370668BE420ED0164F64375E
:101470000668BE4209D0144F78370668BE4204D0D1
:10148000114F8C370668BE4201D1012600E00026CC
:10149000A6B190F85C6006F01F070126BE406660AA
:1014A000066873608668402E04D10668B2600668DC
:1014B000F16003E00668B1600668F260F0BD00000C
:1014C00010000240100402400854025800BF4FF0C0
:1014D000FF3214491448006812F0C4F80028F6D00E
:1014E000124AD2F8E0100F4A121F5268501C11F035
:1014F0006DFA0E49D1F8E0000AF0D0FA0B49D1F8A4
:10150000E0000AF08BFB092109480AF0FFFB0749BC
:10151000D1F8E00007F082FE0028D8D011F0C8FA18
:10152000D5E70000EC01002450000024586A002494
:10153000D067002410B52DED028B82B004460E4812
:101540004068019020680199081A00EE100AF8EE30
:10155000400A0A4890ED000AB8EE400A80EE801A70
:10156000B0EE418A019820600AF05AF8B0EE480ABD
:1015700002B0BDEC028B10BD001000E01002002490
:1015800010B52DED028B00F059F80F4890ED000AD0
:10159000B8EE400A808800EE900AF8EE600A9FEDEF
:1015A0000B1A00EE810A0848C08800EE900AF8EE97
:1015B000600A9FED071A00EE810AB0EE408AB0EE95
:1015C000480ABDEC028B10BD080200246F12833A5A
:1015D000BD3786351249096841F08071104A1160A3
:1015E0000021104A51601146096841F00101116063
:1015F0000D4941430D4A1160114609684FF47A7252
:10160000B1FBF2F10A4A116008490968064AB1FBC8
:10161000F2F1084A11600021074A1160704700008A
:10162000FCED00E0001000E040420F00100200243A
:1016300014020024180200241C02002438B5294892
:101640004068009009F0ECFF274800684FF0FF3138
:10165000A0FB01310098181841F10001234A03C290
:10166000234800232149026803C9FEF7F3FF214AFA
:1016700003C220480CC81E4800680024A2FB0015C5
:1016800003FB005002FB04021848D0E90030591A4D
:1016900060EB0200184AC2E90010164800681749BA
:1016A0000860174800231449026803C9FEF7D2FFF7
:1016B00012498880084680881149096841430E48CC
:1016C000D0E90030591A60F100000E4AC2E900105A
:1016D0000D4800230B49026803C9FEF7BBFF074909
:1016E000C88038BD001000E01C020024280200243D
:1016F00010020024300200243802002408020024D2
:10170000140200244002002418020024704772B61C
:1017100000BFFEE710B5024802F0F6F910BD000068
:101720002003002410B5024802F0EEF910BD0000BD
:10173000C003002410B5024802F0E6F910BD000015
:101740006004002410B501464A6B0868D0F8840094
:101750004FF6FC74A04340EA82000C68C4F8840091
:101760000868D0F8840020F47F04088F44EA004021
:101770000C68C4F88400886B02440868D0F88800BC
:101780004FF6FC74A04340EA82000C68C4F888005D
:101790000868D0F8880020F4FE04888F44EA0040EE
:1017A0000C68C4F88800C86B02EB40020868D0F8E7
:1017B000A0004FF6FC74A04340EA82000C68C4F815
:1017C000A0000868D0F8A00020F4FE044020405A91
:1017D00044EA00400C68C4F8A000D1E9104004FBC2
:1017E00000220868D0F8B0004FF6FC74A04340EA2D
:1017F00082000C68C4F8B0000868D0F8B00020F48B
:10180000FE04B1F8480044EA00400C68C4F8B00097
:10181000D1E9124004FB00220868D0F8AC004FF672
:10182000FC74A04340EA82000C68C4F8AC00D1E923
:10183000144004FB00220868D0F8F0004FF6FC7456
:10184000A04340EA82000C68C4F8F0000868D0F8B1
:10185000F00020F47C14B1F8580044EA00400C6811
:10186000C4F8F000886D02EB40020868D0F8C000B0
:101870004FF6FC74A04340EA82000C68C4F8C00034
:101880000868D0F8C00020F47C14B1F85C0044EA89
:1018900000400C68C4F8C0000868D0F8C00020F010
:1018A0007C5491F8600044EA00600C68C4F8C00001
:1018B0002A4C486B04EB8000C866CC6E886B04EB46
:1018C00080040C670C6FC86B04EBC0044C67D1E953
:1018D000100460434C6F04EB80048C67D1E9120460
:1018E00060438C6F04EB8004CC67D1E9140460433F
:1018F000CC6F04EB8004802044504458886D04EB86
:10190000C004842044508C6EC86D604384246458A5
:1019100004EB8004882044508C6E086E6043882459
:10192000645804EB80049020445040580C4CA04272
:1019300009D99831486840F020004860032001F838
:101940009809012010BDCB6E02E0002018601B1D1D
:10195000902040589842F8D80020F3E700AC0040AF
:10196000FCD300402DE9F041054614461E46D1F84F
:1019700004C0BCF1000F0AD1D1F810C0D1F8088022
:101980004CEA080CB1F800804CEA88430BE0D1F82F
:1019900010C04CF0804CD1F808804CEA080CD1F80B
:1019A00000804CEA080391F82080D1F81CC04CEA72
:1019B000086CD1F818804CEA080CD1F814804CEA75
:1019C000080CB1F80C804CEA0847D5F868C00CFB4D
:1019D00006FCD5F8848008EB8C021360121D17609A
:1019E000121D002019E000F1030C14F80CC04FEA9E
:1019F0000C6800F1020C14F80CC048EA0C4800F125
:101A0000010C14F80CC048EA0C2C14F800804CEAC5
:101A1000080CC2F800C0121D001DDFF81480D1F8B8
:101A20000CC018F80CC08445DDD8BDE8F08100007A
:101A30007441010816480AF099FC00BF14480BF0E5
:101A400073F813480BF084F911480BF05FFC104851
:101A500090F87D0860B10E480AF0D4FD0C48B0F94A
:101A60003035B0F974240B49A1F118000FF0DDFAFC
:101A7000FFF786FD064880ED190A00231A4606493D
:101A80000648006811F09CFC012010F01FF9D5E712
:101A9000445F0024846D0024606E0024380000241C
:101AA00008480AF04BFA4FF4967010F00FF900BF97
:101AB00004480AF04FF90AF027F9022010F006F95D
:101AC000F6E70000D06700242DE9F041044602F05B
:101AD000A7FD804614B90120BDE8F08194F83500D7
:101AE000022808D08020606500BF002084F8340000
:101AF00000BF0120F0E7FE492068884249D0FC4938
:101B000018312068884244D0F94930312068884231
:101B10003FD0F7494831206888423AD0F4496031D3
:101B20002068884235D0F24978312068884230D028
:101B3000EF499031206888422BD0ED49A8312068C8
:101B4000884226D0EB492068884222D0E9491831E2
:101B5000206888421DD0E74930312068884218D07B
:101B6000E44948312068884213D0E2496031206856
:101B700088420ED0DF4978312068884209D0DD499B
:101B800090312068884204D0DA49A8312068884220
:101B900001D1012000E0002068B12068006820F039
:101BA0001E00216808602068406920F080002168DC
:101BB0004861256806E02068006820F00E00216872
:101BC00008602568CA492068884270D0C849183121
:101BD000206888426BD0C64930312068884266D080
:101BE000C34948312068884261D0C14960312068CA
:101BF00088425CD0BE4978312068884257D0BC49C1
:101C000090312068884252D0B949A8312068884272
:101C10004DD0B8492068884249D0B649183120686B
:101C2000884244D0B3493031206888423FD0B1491E
:101C30004831206888423AD0AE49603120688842F5
:101C400035D0AC4978312068884230D0A9499031EC
:101C5000206888422BD0A749A8312068884226D026
:101C6000A5492068884222D0A349143120688842BF
:101C70001DD0A14928312068884218D09E493C31A6
:101C80002068884213D09C495031206888420ED089
:101C9000994964312068884209D097497831206891
:101CA000884204D094498C312068884201D10120B7
:101CB00000E0002028B1206E006820F48070216EC2
:101CC00008608B492068884249D0894918312068CA
:101CD000884244D086493031206888423FD08449C8
:101CE0004831206888423AD0814960312068884272
:101CF00035D07F4978312068884230D07C49903196
:101D0000206888422BD07A49A8312068884226D0A2
:101D100078492068884222D0764918312068884264
:101D20001DD0744930312068884218D0714948313B
:101D30002068884213D06F496031206888420ED0F5
:101D40006C4978312068884209D06A49903120680E
:101D5000884204D06749A8312068884206D12068AB
:101D6000006820F001002168086005E02068006834
:101D700020F001002168086011E002F051FCA0EBA6
:101D8000080005280BD920206065032084F8350061
:101D900000BF002084F8340000BF01209CE62868C2
:101DA00000F001000028E8D151492068884249D05C
:101DB0004F4918312068884244D04D49303120685D
:101DC00088423FD04A494831206888423AD0484941
:101DD00060312068884235D0454978312068884292
:101DE00030D043499031206888422BD04049A831F7
:101DF0002068884226D03F492068884222D03D4949
:101E00001831206888421DD03A4930312068884214
:101E100018D0384948312068884213D0354960319C
:101E2000206888420ED0334978312068884209D032
:101E3000304990312068884204D02E49A83120686A
:101E4000884201D1012000E0002040B1A66D94F845
:101E50005C0000F01F013F208840B06007E0A76DE4
:101E600094F85C0000F01F01012088407860204950
:101E70002068884276D01E4918312068884271D087
:101E80001B493031206888426CD01949483120689C
:101E9000884267D0164960312068884262D0144970
:101EA0007831206888425DD011499031206888429D
:101EB00058D00F49A8312068884253D00D49206876
:101EC00088424FD00B491831206888424AD00949CE
:101ED00030312068884245D0064948312068884220
:101EE00040D004496031206888423BD0014905E078
:101EF0001000024010040240085402587831206853
:101F000088422FD02549206888422BD02349183198
:101F10002068884226D022492068884222D0204961
:101F20001431206888421DD01D492831206888421C
:101F300018D01B493C312068884213D018495031D1
:101F4000206888420ED0164964312068884209D042
:101F5000134978312068884204D011498C312068B7
:101F6000884201D1012000E0002068B1D4E91910B5
:101F70004860E06E40B1E06E006820F48070E16E71
:101F80000860D4E91C104860012084F8350000BFC7
:101F9000002084F8340000BF00BF9DE5A00402408B
:101FA0000854025870B504460CB9012070BD94F86D
:101FB0003500022803D0802060650120F6E7DC4967
:101FC0002068884249D0DA4918312068884244D0D4
:101FD000D7493031206888423FD0D5494831206800
:101FE00088423AD0D24960312068884235D0D04901
:101FF00078312068884230D0CD49903120688842BD
:102000002BD0CB49A8312068884226D0C949206806
:10201000884222D0C7491831206888421DD0C5495E
:1020200030312068884218D0C2494831206888423F
:1020300013D0C0496031206888420ED0BD49783144
:102040002068884209D0BB4990312068884204D07A
:10205000B849A8312068884201D1012000E0002061
:10206000F0B3042084F83500B149206888424BD091
:10207000AF4918312068884246D0AD4930312068D8
:10208000884241D0AA494831206888423CD0A849BA
:1020900060312068884237D0A5497831206888426D
:1020A00032D0A3499031206888422DD0A049A83170
:1020B0002068884228D09F492068884224D09D49C2
:1020C0001831206888421FD09A49303120688842F0
:1020D0001AD0984948312068884215D0954900E0C7
:1020E00020E06031206888420ED092497831206823
:1020F000884209D08F4990312068884204D08D49A8
:10210000A8312068884206D12068006820F00100CC
:102110002168086009E12068006820F0010021685A
:10212000086002E12068006820F00E002168086065
:102130007F492068884249D07D491831206888420B
:1021400044D07B493031206888423FD078494831BB
:10215000206888423AD0764960312068884235D07C
:10216000734978312068884230D0714990312068B5
:1021700088422BD06E49A8312068884226D06D490C
:102180002068884222D06B491831206888421DD0CF
:10219000684930312068884218D066494831206843
:1021A000884213D063496031206888420ED061496B
:1021B00078312068884209D05E4990312068884291
:1021C00004D05C49A8312068884206D120680068A4
:1021D00020F001002168086005E02068006820F018
:1021E00001002168086052492068884270D0504937
:1021F0001831206888426BD04D49303120688842C0
:1022000066D04B4948312068884261D048496031E6
:10221000206888425CD0464978312068884257D08F
:10222000434990312068884252D04149A831206802
:1022300088424DD03F492068884249D03D491831F5
:102240002068884244D03B493031206888423FD0E2
:1022500038494831206888423AD036496031206890
:10226000884235D0334978312068884230D03149AE
:102270009031206888422BD02E49A83120688842AE
:1022800026D02D492068884222D02B49143120685D
:1022900088421DD0284928312068884218D0264914
:1022A0003C312068884213D023495031206888424D
:1022B0000ED0214964312068884209D01E49783106
:1022C0002068884204D01C498C312068884201D1A2
:1022D000012000E00020D8B1206E006820F480705A
:1022E000216E0860A56D94F85C0000F01F010120CC
:1022F00088406860D4E919104860E06E40B1E06E33
:10230000006820F48070E16E0860D4E91C10486019
:10231000012084F8350000BF002084F8340000BF9D
:10232000206D10B12046216D884700203EE6000058
:102330001000024010040240085402582DE9F84FE2
:10234000044600200090FE4800684FF41651B0FB90
:10235000F1FAA66DD4F858803768D8F80090F9499A
:102360002068884249D0F74918312068884244D013
:10237000F4493031206888423FD0F2494831206822
:1023800088423AD0EF4960312068884235D0ED4923
:1023900078312068884230D0EA49903120688842FC
:1023A0002BD0E849A8312068884226D0E649206829
:1023B000884222D0E4491831206888421DD0E24981
:1023C00030312068884218D0DF494831206888427F
:1023D00013D0DD496031206888420ED0DA49783167
:1023E0002068884209D0D84990312068884204D0BA
:1023F000D549A8312068884201D1012000E00020A1
:1024000000287DD094F85C0000F01F01082088406F
:102410003840002868D0CB492068884249D0C94953
:1024200018312068884244D0C6493031206888423B
:102430003FD0C4494831206888423AD0C149603110
:102440002068884235D0BF4978312068884230D032
:10245000BC499031206888422BD0BA49A831206805
:10246000884226D0B8492068884222D0B64918311F
:10247000206888421DD0B44930312068884218D085
:10248000B14948312068884213D0AF496031206893
:1024900088420ED0AC4978312068884209D0AA49D8
:1024A00090312068884204D0A749A831206888422A
:1024B00004D12068006800F0040003E02068006890
:1024C00000F0080080B12068006820F00400216856
:1024D000086094F85C0000F01F0108208840B0609C
:1024E000606D40F00100606594F85C0000F01F0131
:1024F000012088403840E8B392492068884200E0D3
:10250000B7E24BD08F4918312068884246D08D49B8
:1025100030312068884241D08A4948312068884259
:102520003CD0884960312068884237D0854978316D
:102530002068884232D083499031206888422DD06B
:102540008049A8312068884228D07F492068884285
:1025500024D07D491831206888421FD07A49303113
:10256000206888421AD0784948312068884215D0BE
:10257000754900E026E06031206888420ED072493B
:1025800078312068884209D06F49903120688842AC
:1025900004D06D49A8312068884204D12068406980
:1025A00000F0800002E020680068002050B194F83C
:1025B0005C0000F01F0101208840B060606D40F0B9
:1025C0000200606594F85C0000F01F010420884060
:1025D0003840E8B35B49206888424BD059491831EC
:1025E0002068884246D0574930312068884241D01F
:1025F00054494831206888423CD0524960312068B3
:10260000884237D04F4978312068884232D04D49CE
:102610009031206888422DD04A49A83120688842EC
:1026200028D049492068884224D047491831206879
:1026300088421FD044493031206888421AD042492C
:1026400048312068884215D03F496031206800E059
:1026500024E088420ED03C4978312068884209D075
:10266000394990312068884204D03749A831206820
:10267000884204D12068006800F0020002E020686F
:102680000068002050B194F85C0000F01F010420A5
:102690008840B060606D40F00400606594F85C00B4
:1026A00000F01F01102088403840E8B32549206819
:1026B000884251D023491831206888424CD02149A2
:1026C00030312068884247D01E494831206888420E
:1026D00042D01C496031206888423DD01949783188
:1026E0002068884238D0174990312068884233D01A
:1026F0001449A831206888422ED0134920688842A6
:102700002AD0114918312068884225D00E4930312D
:102710002068884220D00C494831206888421BD06C
:1027200009496031206800E04DE0884214D0064934
:102730007831206888420FD003499031206805E045
:10274000700000241000024010040240884203D0B0
:10275000FE492068884204D12068006800F0080023
:1027600003E02068006800F0040060B394F85C00A7
:1027700000F01F0110208840B0602068006800F45D
:10278000802080B12068006800F4002028B9206C07
:10279000C8B12046216C884715E0A06C98B120464E
:1027A000A16C88470FE02068006800F4807028B9A9
:1027B0002068006820F0080021680860206C10B1D3
:1027C0002046216C884794F85C0000F01F0120200F
:1027D0008840384000287DD0DD492068884249D0B3
:1027E000DB4918312068884244D0D949303120680B
:1027F00088423FD0D6494831206888423AD0D449EF
:1028000060312068884235D0D149783120688842CB
:1028100030D0CF499031206888422BD0CC49A831A4
:102820002068884226D0C949A8392068884221D02A
:10283000C6499039206888421CD0C449783920683C
:10284000884217D0C14960392068884212D0BF49F8
:102850004839206888420DD0BC4930392068884208
:1028600008D0BA4918392068884203D0B74920688F
:10287000884204D12068006800F0100003E020685E
:10288000006800F0020028B394F85C0000F01F011B
:1028900020208840B06094F8350004282DD12068AD
:1028A000006820F01600216808602068406920F068
:1028B000800021684861206C08B9A06C28B12068AC
:1028C000006820F008002168086094F85C0000F0BF
:1028D0001F0100E03FE03F208840B060012084F805
:1028E000350000BF002084F8340000BF206D10B117
:1028F0002046216D8847BDE8F88F2068006800F405
:10290000802080B12068006800F4002028B9606C45
:1029100008B32046616C88471DE0E06BD8B12046C3
:10292000E16B884717E02068006800F4807068B9A0
:102930002068006820F0100021680860012084F8F9
:10294000350000BF002084F8340000BFE06B10B1F8
:102950002046E16B8847606D00287AD0606D00F0FA
:102960000100E8B3042084F83500794920688842E2
:102970004BD0774918312068884246D074493031AD
:102980002068884241D072494831206888423CD052
:102990006F4960312068884237D06D4978312068AE
:1029A000884232D06A499031206888422DD06849E7
:1029B000A8312068884228D06449A8392068884214
:1029C00023D062499039206888421ED05F49783907
:1029D0002068884219D05D4960392068884200E04B
:1029E00040E012D059494839206888420DD05749F3
:1029F00030392068884208D0544918392068884204
:102A000003D052492068884206D12068006820F02F
:102A100001002168086005E02068006820F00100DE
:102A20002168086000BF0098401C0090504500D904
:102A300005E02068006800F001000028F3D100BF25
:102A40002068006800F0010020B1032084F8350000
:102A500003E00DE0012084F8350000BF002084F879
:102A6000340000BFE06C002802D02046E16C8847AB
:102A7000D9E138492068884222D03649143120688B
:102A800088421DD0334928312068884218D0314906
:102A90003C312068884213D02E495031206888424A
:102AA0000ED02C4964312068884209D029497831F8
:102AB0002068884204D027498C312068884201D19F
:102AC000012000E000200028D2D02068056894F89A
:102AD0005C0000F01F010420884000EA0900D8B320
:102AE00005F00400C0B394F85C0000F01F0104205E
:102AF0008840C8F8040005F4004080B105F4803037
:102B000030B9A06C0028B3D02046A16C88478AE178
:102B1000206C0028ACD02046216C884783E105F06A
:102B20002000E8BB0A492068884253D00849183180
:102B3000206888424ED0064930312068884249D00A
:102B4000034948312068884244D006E0B804024076
:102B500010000240085402584FE0B4496031206828
:102B6000884237D0B14978312068884232D0AF49A5
:102B70009031206888422DD0AC49A8312068884225
:102B800028D0AB492068884224D0A9491831206850
:102B900088421FD0A6493031206888421AD000E010
:102BA00025E0A34948312068884213D0A04960310C
:102BB000206888420ED09E4978312068884209D02A
:102BC0009B4990312068884204D09949A8312068F7
:102BD000884206D12068006820F00800216808605B
:102BE00005E02068006820F0040021680860206C7F
:102BF00010B32046216C884715E194F85C0000F082
:102C00001F010220884000EA0900E8B305F0020035
:102C1000D0B394F85C0000F01F0102208840C8F88F
:102C2000040005F4004070B105F4803028B9606CF0
:102C300010B12046616C8847F5E0E06BF0B32046A8
:102C4000E16B8847EFE005F02000C0BB77492068C2
:102C500088424ED0754918312068884249D073495E
:102C600030312068884244D0704948312068884219
:102C70003FD06E496031206888423AD06B49783144
:102C80002068884235D000E04EE0684990312068E5
:102C900088422ED06549A8312068884229D06449ED
:102CA0002068884225D0624918312068884220D0A7
:102CB0005F493031206888421BD001E06EE02DE092
:102CC0005B4948312068884213D0594960312068F7
:102CD00088420ED0564978312068884209D054493C
:102CE00090312068884204D05149A8312068884238
:102CF00006D12068006820F014002168086005E013
:102D00002068006820F00A0021680860012084F82B
:102D1000350000BF002084F8340000BFE06BE8B34A
:102D20002046E16B88477EE094F85C0000F01F01CC
:102D30000820884000EA090080B305F0080068B365
:102D40003A49206888424BD0384918312068884277
:102D500046D0364930312068884241D03349483125
:102D6000206888423CD0314960312068884237D0A1
:102D70002E4978312068884232D02C499031206821
:102D800088422DD02949A8312068884228D0284976
:102D90002068884224D02649183100E043E02068AA
:102DA00088421DD0224930312068884218D02049FD
:102DB00048312068884213D01D496031206888421C
:102DC0000ED01B4978312068884209D018499031CB
:102DD0002068884204D01649A8312068884206D16C
:102DE0002068006820F01C002168086005E0206869
:102DF000006820F00E002168086094F85C0000F084
:102E00001F0101208840C8F804000120606584F893
:102E1000350000BF002084F8340000BFE06C10B122
:102E20002046E16C884700BF65E5000010000240C5
:102E3000100402402DE9F041044601F0F1FB804608
:102E400014B90120BDE8F081FE492068884249D0CC
:102E5000FC4918312068884244D0FA493031206852
:102E600088423FD0F7494831206888423AD0F54936
:102E700060312068884235D0F24978312068884234
:102E800030D0F0499031206888422BD0ED49A831EC
:102E90002068884226D0EC492068884222D0EA493E
:102EA0001831206888421DD0E749303120688842B7
:102EB00018D0E54948312068884213D0E249603192
:102EC000206888420ED0E04978312068884209D0D5
:102ED000DD4990312068884204D0DB49A831206860
:102EE000884201D1012000E00020002873D0606AF0
:102EF00000B100BF022084F8350000BF002084F834
:102F0000340000BFCF492068884249D0CD491831EC
:102F10002068884244D0CB493031206888423FD075
:102F2000C8494831206888423AD0C6496031206893
:102F3000884235D0C34978312068884230D0C149B1
:102F40009031206888422BD0BE49A8312068884241
:102F500026D0BD492068884222D0BB49183120685C
:102F600088421DD0B84930312068884218D0B6490F
:102F700048312068884213D0B349603120688842C4
:102F80000ED0B14978312068884209D0AE499031DD
:102F90002068884204D0AC49A8312068884206D114
:102FA0002068006820F001002168086005E02068C2
:102FB000006820F00100216808600DE001F030FB9E
:102FC000A0EB0800052807D920206065032084F8BD
:102FD0003500012036E769E02068006800F0010054
:102FE0000028EBD12068056898480540D4E9020123
:102FF00008432169084361690843A1690843E169FD
:103000000843216A08430543606A042803D1D4E9D0
:103010000B01084305436068292802D360682E2805
:1030200017D960683F2802D36068422811D96068C8
:10303000472802D3606848280BD960684F2802D31C
:103040006068522805D96068742804D360687728BE
:1030500001D8012000E0002008B145F48015206867
:1030600005602068456925F00705606A0543606AC8
:1030700004280DD1A06A0543E06A48B12046FEF756
:1030800093F828B140206065012084F83500D9E626
:10309000206845612046FDF763FF064694F85C0012
:1030A00000F01F013F208840B0609EE06849206822
:1030B000884222D066491431206888421DD0644974
:1030C00028312068884218D061493C312068884204
:1030D00013D05F495031206888420ED05C4964317A
:1030E0002068884209D05A4978312068884204D043
:1030F00057498C312068884201D1012000E000202E
:10310000E0B353492068884222D0514914312068E5
:1031100088421DD04E4928312068884218D04C4939
:103120003C312068884213D0494950312068884298
:103130000ED0474964312068884209D0444978312B
:103140002068884204D042498C312068884201D1ED
:10315000012000E0002000B100BF022084F835000B
:1031600000BF002084F8340000BF2068056839489B
:103170000540A068402802D1102106E02EE0A0689A
:10318000802801D1C10100E00021E06841EAD001BE
:10319000206941EAD001606941EAD001A06941EAB1
:1031A000D001E06941EAD001206A41EA10100543EC
:1031B0002068056026492068401A1421B0FBF1F010
:1031C0008000E0652046FDF7CBFE074694F85C00E2
:1031D00000F01F0101208840786006E04020606513
:1031E000032084F8350001202CE616492068884227
:1031F0007AD0144918312068884275D0114930318D
:103200002068884270D00F494831206888426BD0CE
:103210000C4960312068884266D00A4978312068BC
:10322000884261D007499031206888425CD00549C6
:10323000A8312068884257D003492068884253D07B
:10324000014909E010000240100402403F8010FED6
:10325000085402580F00FEFF18312068884243D0FE
:103260003749206888423FD0354918312068884264
:103270003AD0334930312068884235D0304948311E
:103280002068884230D02E496031206888422BD097
:103290002B4978312068884226D02A492068884204
:1032A00022D028491431206888421DD02549283170
:1032B0002068884218D023493C312068884213D0C6
:1032C00020495031206888420ED01E496431206860
:1032D000884209D01B4978312068884204D01949B6
:1032E0008C312068884201D1012000E0002000B329
:1032F0002046FDF7ABFEA068802801D10020606069
:103300002079216E0860D4E919104860606860B1C6
:103310006068082809D82046FDF7FAFE0020E16E13
:103320000860D4E91C10486003E00020E0662067D4
:10333000606700206065012084F83500002081E589
:1033400040040240085402582DE9F04104460D465D
:1033500016461F464FF0000814B90120BDE8F08161
:1033600000BF94F83400012801D10220F6E70120C3
:1033700084F8340000BF94F8350001287ED1022083
:1033800084F8350000206065E4492068884249D00F
:10339000E24918312068884244D0E0493031206841
:1033A00088423FD0DD494831206888423AD0DB4925
:1033B00060312068884235D0D84978312068884209
:1033C00030D0D6499031206888422BD0D349A831DB
:1033D0002068884226D0D2492068884222D0D0492D
:1033E0001831206888421DD0CD493031206888428C
:1033F00018D0CB4948312068884213D0C849603181
:10340000206888420ED0C64978312068884209D0A9
:10341000C34990312068884204D0C149A83120684E
:10342000884206D12068006820F001002168086009
:1034300005E02068006820F00100216808603B4634
:10344000324629462046FDF707FFB44920688842E6
:103450004BD0B24918312068884246D0AF4930314C
:103460002068884241D0AD494831206888423CD02C
:10347000AA4960312068884237D000E042E1A7497C
:1034800078312068884230D0A44990312068884241
:103490002BD0A249A8312068884226D0A0492068B4
:1034A000884222D09E491831206888421DD09C490C
:1034B00030312068884218D09949483120688842C4
:1034C00013D097496031206888420ED094497831F2
:1034D0002068884209D0924990312068884204D0FF
:1034E0008F49A8312068884201D1012000E00020E6
:1034F00080B12068006820F01E0040F016002168AE
:103500000860206CB0B12068006840F008002168B5
:1035100008600FE02068006820F00E0040F00A000C
:1035200021680860206C28B12068006840F0040021
:103530002168086079492068884270D0774918313D
:10354000206888426BD0754930312068884266D047
:10355000724948312068884261D0704960312068E2
:1035600088425CD06D4978312068884257D06B49D9
:1035700090312068884252D06849A831206888423A
:103580004DD067492068884249D065491831206884
:10359000884244D062493031206888423FD0604937
:1035A0004831206888423AD05D49603120688842BD
:1035B00035D05B4978312068884230D05849903105
:1035C000206888422BD05649A8312068884226D0EE
:1035D00054492068884222D05249143120688842D8
:1035E0001DD0504928312068884218D04D493C31BF
:1035F0002068884213D04B495031206888420ED051
:10360000484964312068884209D0464978312068A9
:10361000884204D043498C312068884201D101207E
:1036200000E0002090B1206E006800F4803028B1E6
:10363000206E006840F48070216E0860E06E28B152
:10364000E06E006840F48070E16E086033492068E5
:10365000884249D0314918312068884244D02F49E6
:103660003031206888423FD02C4948312068884258
:103670003AD02A4960312068884235D027497831CC
:103680002068884230D025499031206888422BD06C
:103690002249A8312068884226D0214920688842E2
:1036A00022D01F491831206888421DD01C49303172
:1036B0002068884218D01A4948312068884213D0BF
:1036C00017496031206888420ED01549783120684A
:1036D000884209D0124990312068884204D01049AC
:1036E000A8312068884206D12068006840F00100B7
:1036F0002168086010E02068006840F0010021683F
:10370000086009E04FF40060606500BF002084F8A5
:10371000340000BF4FF0010840461FE61000024091
:10372000100402400854025830B5034693F89840FC
:10373000012C01D0022C3ED11868806D084030B9B0
:103740001868C06D40F001001D68E8650EE018685B
:10375000806D0840884206D11868C06D40F00200B4
:103760001D68E86502E003201D68E86501F400704B
:1037700030B11868D0F8E00010431D68C5F8E000CB
:1037800001F4806030B11868D0F8E40010431D687F
:10379000C5F8E40000BF1868406D0B4D0D4028438C
:1037A0001D6868650948006840EA9170074D286007
:1037B00000BF002030BDD3F89C0040F00200C3F8E9
:1037C0009C000120F6E70000FFFFCF3F14A8004057
:1037D0002DE9F04104460E461746706800B900E036
:1037E00000BF94F89800022832D12068D0F8C000B9
:1037F00000F07C5040B9D4F89C0040F02000C4F8A0
:103800009C000120BDE8F0812068D0F8C40000F4DD
:10381000001038B1D4F89C0040F40070C4F89C004B
:103820000120EFE72068D0F8C400C0F304452B4620
:103830003A4631462046FEF795F80120A840216817
:10384000C1F8D0000120A840C4F894000020D9E7B6
:10385000D4F89C0040F00800C4F89C000120D1E797
:103860007047F0B5024692F89860012E01D0022E02
:1038700043D1C868072800D100BF086818BBC868D2
:10388000072800D000BFC86807280BD1088A4FF06E
:10389000605747EA0040CF6940EA07208F6940EA55
:1038A00007040AE0087A80070F7B40EAC7600F8AA6
:1038B00040EA07404F6940EA0704D76E486807EBC3
:1038C00080031C6017E0C868072800D000BF0F7B8A
:1038D000086940EA4774C868072801D18D6903E088
:1038E0000F7A486940EA8775176F486807EBC0038D
:1038F0001C601B1D1D600020F0BDD2F89C0040F034
:103900000200C2F89C000120F6E7704770470000F3
:103910002DE9F04304460D469C46002394F8988018
:10392000B8F1020F74D1402D38D12068D0F8A00032
:1039300000F4FE0040B9D4F89C0040F02000C4F828
:103940009C000120BDE8F0832068D0F8A40000F0BE
:103950007F0038B9D4F89C0040F48070C4F89C0013
:103960000120EFE72068D0F8A400C0F3006040B168
:103970002068D0F8A0004FF00109B9EBD07F00D14A
:1039800001232068D0F8A400C0F305200344606C34
:103990005843D4F8749009EB80014BE0412D38D1A5
:1039A0002068D0F8B00000F4FE0038B9D4F89C00CC
:1039B00040F02000C4F89C000120C3E72068D0F844
:1039C000B40000F07F0038B9D4F89C0040F4807057
:1039D000C4F89C000120B5E72068D0F8B400C0F31B
:1039E000006040B12068D0F8B0004FF00109B9EB99
:1039F000D07F00D101232068D0F8B400C0F30520A7
:103A00000344E06C5843D4F8789009EB800111E04E
:103A10006DE0206DA84207D8D4F89C0040F020004B
:103A2000C4F89C0001208DE7606D6843D4F87C9059
:103A300009EB8001086800F080405060506820B9B0
:103A40000868C0F38A40106003E0086820F0604016
:103A50001060086800F000509060086800F00040B6
:103A60001061091D088880B2D0610868C0F3034066
:103A7000D060086800F480105061086800F40010FD
:103A800090610868C0F3066010620868C00F506259
:103A9000091D0F46002603E0B85D0CF80600761CF1
:103AA000DFF85C90D06819F80000B042F4D8402DDF
:103AB00003D12068C0F8A83017E0412D03D1206859
:103AC000C0F8B83011E0202D06D20120A840D4F86B
:103AD0000090C9F8980008E005F01F09012000FADD
:103AE00009F0D4F80090C9F89C0000202AE7D4F827
:103AF0009C0040F00800C4F89C00012022E7000070
:103B000074410108704700002DE9F04F8DB0044664
:103B1000EF4800688707EE48001D006807EA8077D5
:103B20002068006D00F470482068406D00EA0808C5
:103B30002068006D00F00F092068406D00EA090957
:103B40002068006D00F0F00A2068406D00EA0A0A63
:103B50002068006D00F0715B2068406D00EA0B0B7F
:103B60002068006D00F060700C902068406D0C992A
:103B700008400C902068456D2068066DC5F3002054
:103B800070B1C6F3002058B100BF4FF480702168B7
:103B900008650020CE49086000BF2046FFF7B2FF4D
:103BA000C5F38020C8B1C6F38020B0B12068D0F83A
:103BB000DC000A902068D0F8E4000A9908400A90D6
:103BC00000BF4FF48060216808650020C04908608C
:103BD00000BF20460A9900F020FC67B100BFBD4835
:103BE000384021680865B80FB949086000BF3946F8
:103BF0002046FFF735FEB8F1000F0ED000BFB548E4
:103C000008EA0000216808654FEA9870B04908602A
:103C100000BF4146204600F002FCB9F1000F0ED073
:103C200000BFAC4809EA0000216808654FEA9970B6
:103C3000A749086000BF4946204600F09FFBBAF143
:103C4000000F0ED000BFA3480AEA000021680865F3
:103C50004FEA9A709E49086000BF5146204600F026
:103C6000BBFBC5F3C02070B1C6F3C02058B100BF84
:103C70004FF400602168086500209549086000BF86
:103C8000204600F0CDFBC5F34020C8B1C6F340206C
:103C9000B0B12068D0F8D8000B902068D0F8E000D0
:103CA0000B9908400B9000BF4FF400702168086525
:103CB00000208749086000BF20460B9900F0AEFB4A
:103CC000C5F3C04070B1C6F3C04058B100BF4FF457
:103CD00000202168086500207D49086000BF20465B
:103CE00000F04AFBC5F3004070B1C6F3004058B184
:103CF00000BF4FF4803021680865002074490860D7
:103D000000BF204600F088FBC5F3804070B1C6F3C9
:103D1000804058B100BF4FF4802021680865002022
:103D20006B49086000BF204600F075FBC5F34040BA
:103D300088B1C6F3404070B100BF4FF40030216835
:103D4000086500206249086000BFD4F89C0040F07C
:103D50008000C4F89C000C9870B100BF5D490C98BD
:103D60000840216808650C98800F5949086000BF19
:103D700020460C99FFF7CAFDBBF1000F10D000BF21
:103D800054480BEA0000216808654FEA9B705049CF
:103D9000086000BFD4F89C0040EA0B00C4F89C0007
:103DA0004D49206888427DD16068806800F003003A
:103DB000002877D06068006A00F00F000990606802
:103DC000406A0999084009906068006A00F0300074
:103DD00008906068406A0899084008906068006A26
:103DE00000F4C07007906068406A07990840079027
:103DF0006068006A00F4FC4006906068406A0699BA
:103E0000084006906068006A00F4F0200590606841
:103E1000406A0599084005906068406A02906068B1
:103E2000006A0190099830B10998616808622046DB
:103E3000099900F0EDFA089830B1089861680862B5
:103E40002046089900F0E6FA0298C0F38010A0B16D
:103E50000198C0F3801080B16068C06B000C0490C2
:103E60006068C06B00F03F0003904020616808620A
:103E70002046DDE9032100F0CCFA079830B107981D
:103E8000616808622046079900F0C1FA069840B1BF
:103E9000069861680862D4F89C0006990843C4F843
:103EA0009C0000E00AE0059840B10598616808624E
:103EB000D4F89C0005990843C4F89C00D4F89C00F1
:103EC00010B12046FFF721FD0DB0BDE8F08F0000D6
:103ED00010A80040FFFFCF3F00A0004070B594B095
:103EE00004464C22B34901A8FCF787FC14B9012011
:103EF00014B070BDB0492068884203D1206800F535
:103F000080706060A068B0F5407F00D100BF206C79
:103F100000B100BFA06C00B100BF206D00B100BFB8
:103F2000206E00B100BFD4E91710084400B100BFF3
:103F300094F8980028B9002084F89900204600F0F1
:103F40003DF92068806920F010002168886100F048
:103F500067FB05460EE000F063FB401B0A2809D909
:103F60009834606840F001006060032004F898090C
:103F70000120BDE72068806900F008000828EAD029
:103F80002068806940F001002168886100F048FBEA
:103F900005460EE000F044FB401B0A2809D998347E
:103FA000606840F001006060032004F89809012077
:103FB0009EE72068806900F001000028EAD02068B0
:103FC000806940F0020021688861207C012806D1C8
:103FD0002068806920F040002168886105E0206841
:103FE000806940F0400021688861607C012806D12A
:103FF0002068806940F480402168886105E020687D
:10400000806920F4804021688861A07C012806D165
:104010002068806920F480502168886105E020686C
:10402000806940F48050216888612068806920F4AC
:104030004070A1680843216888612068806920F089
:10404000A400216888612068006920F010002168C0
:104050000861E068012806D12068806940F004000A
:104060002168886120E0E068F0B1E068022815D09E
:104070002068806940F080002168886120680069BC
:1040800040F0100021680861E06803280CD1206826
:10409000806940F020002168886105E0206880691F
:1040A00040F0200021688861207E401E4106E069C2
:1040B000401E41EA0020216A491E0843A18A491E88
:1040C00040EA01402168C861A068B0F5407F0FD187
:1040D000A06A401EE16A491E40EA0121206B401E91
:1040E00041EA0011A08C401E41EA00402168C860EE
:1040F000206E38B12068D0F8C000616E0843216896
:10410000C1F8C000D4E91710084460B12068D0F8A5
:10411000C80020F0070001AAA16E52F82110084340
:104120002168C1F8C800206C60B12068D0F8BC00DC
:1041300020F0070001AA616C52F8211008432168A1
:10414000C1F8BC00A06C68B12068D0F8BC0020F0B9
:10415000700101AAE06C52F8200041EA00102168C9
:10416000C1F8BC00206D68B12068D0F8BC0020F414
:10417000E06101AA606D52F8200041EA0020216848
:10418000C1F8BC000C492068884205D1606880688D
:1041900020F0030061688860002044F8940FA0605C
:1041A00001202071943C2046FDF7CCFA06463046AB
:1041B0009EE600008441010800A0004010B586B0D2
:1041C0000446142101A8FCF774FB64492068884266
:1041D0003ED163480068401C614908600846006899
:1041E00001280DD100BF5F48006840F480705D4930
:1041F00008600846006800F48070009000BF00BFAF
:1042000000BF58480C38006840F0020055490C398E
:1042100008600846006800F00200009000BF00BF80
:104220004FF4407001900220029000200390032080
:1042300004900920059001A94B4800F0F3F80022F2
:104240000521132000F0A4FA132000F08DFA83E07A
:104250004649206888423DD141480068401C404999
:1042600008600846006801280DD100BF3D4800687D
:1042700040F480703B4908600846006800F4807094
:10428000009000BF00BF00BF36480C38006840F007
:10429000020034490C3908600846006800F002004A
:1042A000009000BF00BF602001900220029000201B
:1042B0000390032004900920059001A92A4800F0EA
:1042C000B1F800220521142000F062FA142000F059
:1042D0004BFA41E02649206888423DD120480068D9
:1042E000401C1F4908600846006801280DD100BF26
:1042F0001C48006840F480701A490860084600684D
:1043000000F48070009000BF00BF00BF15480C385B
:10431000006840F0080013490C390860084600683E
:1043200000F00800009000BF00BF4FF44050019023
:1043300002200290002003900320049005200590A5
:1043400001A90C4800F06EF8002205219F2000F022
:104350001FFA9F2000F008FA06B010BD00A0004030
:1043600060000024EC4402580004025800A40040FD
:1043700000D40040000C02587047000070B504469D
:104380000D460F492068884205D12A4621460D482E
:104390000CF01CFD12E00C492068884205D12A4629
:1043A00021460A480CF012FD08E0094920688842BD
:1043B00004D12A46214607480CF008FD70BD0000D4
:1043C00000A0004058B6002400A40040D0B600244D
:1043D00000D4004048B700247047014691F8980087
:1043E00001280CD1022081F898000868806920F02B
:1043F00001000A6890610020C1F89C007047D1F864
:104400009C0040F00400C1F89C000120F6E77047D2
:1044100070477047704770477047704770477047E4
:1044200070470000F8B502460B4600216D4DD2E002
:1044300001278F401E6806EA0704002C72D01E79FF
:1044400006F00306012E04D01E7906F00306022EA4
:1044500013D190684F000326BE40B0434F00DE6882
:10446000BE4030439060506801268E40B0431E79B4
:10447000C6F300168E40304350601E7906F00306E6
:10448000032E09D0D0684F000326BE40B0434F0032
:104490009E68BE403043D0601E7906F00306022EAF
:1044A00013D1CF0802F1200656F827004E07F70E69
:1044B0000F26BE40B0434F07FF0E1E69BE4030437B
:1044C000CF0802F1200646F8270010684F000326A7
:1044D000BE40B0431E7906F003064F00BE40304395
:1044E00010605E6806F44036002E73D000BF3E4E6A
:1044F000366846F002063C4F3E603E46366806F09F
:104500000206009600BF00BF384E8F0856F82700FD
:104510008E07370F0F26BE40B043354EB24202D150
:10452000002629E056E0334EB24201D1012623E0B5
:10453000314EB24201D102261EE0304EB24201D1CC
:10454000032619E02E4EB24201D1042614E02D4E6E
:10455000B24201D105260FE02B4EB24201D1062610
:104560000AE02A4EB24201D1072605E0284EB242A7
:1045700001D1092600E00A268F073F0FBE403043D5
:104580001A4E8F0846F827004FF0B0463068A04317
:104590005E6806F4801606B120434FF0B0463060E6
:1045A0007068A0435E6806F4001606B120434FF021
:1045B000B04670606868A0435E6806F4003606B1D5
:1045C000204368602868A0435E6806F4803606B120
:1045D00020432860491C1E68CE40002E7FF428AF7F
:1045E000F8BD000080000058F44402580804005848
:1045F000000002580004025800080258000C02583B
:10460000001002580014025800180258001C0258EA
:10461000002402580AB1816101E00B0483617047F4
:1046200001480068704700006400002403480068E7
:104630000349097808440149086070476400002470
:104640006C00002410B5032000F0E0F801F0FAFB44
:1046500010490968C1F303210F4A515C01F01F01A1
:1046600020FA01F40B48006800F00F001146085CC6
:1046700000F01F0024FA00F00849086008480460B0
:104680000F2000F00FF808B1012010BD00F054F821
:104690000020FAE718440258F84101087400002489
:1046A0007000002470B58AB00446102C0AD2002293
:1046B0002146192000F06CF8192000F055F819482F
:1046C000046002E001200AB070BD00BF1648006817
:1046D00040F00100144908600846006800F001003D
:1046E000009000BF00BF01A902A801F02BFB01F060
:1046F00097FB45000D48B5FBF0F0461E0C480D49F0
:10470000086040F2E7310B48C1604660002101615A
:10471000816002F0D1F818B9064802F091F9D2E7A9
:104720000120D0E768000024F044025840420F0006
:1047300000000140F00D002408B500BF09480068E2
:1047400040F00200074908600846006800F00200D7
:10475000009000BF00BF00220F21901E00F018F84B
:1047600008BD0000F44402580146084600280DDB4D
:1047700000BF00BF00F01F0301229A4043099B00C5
:1047800003F1E023C3F8002100BF00BF00BF704762
:104790002DE9F05F80460D4616460DF00DF80746F0
:1047A00039462A46334601F00700C0F1070ABAF13C
:1047B000040F02D94FF0040A01E0C0F1070AD14604
:1047C00000F1040ABAF1070F02D24FF0000A01E02B
:1047D000A0F1030AD4464FF0010A0AFA09FAAAF135
:1047E000010A0AEA020A0AFA0CFA4FF0010B0BFA64
:1047F0000CFBABF1010B0BEA030B4AEA0B0421465D
:1048000040460CF0E1FFBDE8F09F000000BF00F063
:104810000702064B19684FF6FF031940044B0B4380
:1048200043EA0221014B196000BF70470CED00E024
:104830000000FA0500BF00BF00BF00BF00BFBFF30C
:104840004F8F00BF00BF00BF0948006800F4E06060
:1048500008490843001D0649086000BF00BF00BFAB
:10486000BFF34F8F00BF00BF00BF00BF00BFFDE719
:104870000CED00E00000FA0570B50446154800682C
:10488000C0F3800048B91348006800F00700A04258
:1048900001D0012070BD0020FCE70E48006820F028
:1048A000070020430B490860FFF7BAFE054607E002
:1048B000FFF7B6FE401BB0F57A7F01D90120E9E78A
:1048C000044808380068C0F340300028F0D00020C9
:1048D000E0E700000C48025810B501F069FA0549FC
:1048E0000968C1F30211044A515C01F01F01C8407C
:1048F00010BD000020440258F841010870B501467F
:10490000844D2D6805F00303824D2D68C5F30530F5
:10491000804D2D1D2D68C5F300147E4D14352D6876
:10492000C5F3CC0515FB04F501EE105AB8EE411A9B
:10493000F0EE410A00286FD023B1012B4ED0022B9C
:104940006BD16BE0734D283D2D68C5F340153DB329
:10495000704D283D2D68C5F3C1066F4D25FA06F24E
:1049600001EE102AF8EE411A01EE100AB8EE411AD3
:1049700081EE812A9FED691AC0EE811A654D1035CE
:104980002D68C5F3080501EE105AB8EE411A31EE54
:10499000811AF7EE001A31EE211A22EE010A1CE00C
:1049A00001EE100AB8EE411ADFED5D1A81EE812AA0
:1049B0009FED5A1AC0EE811A564D10352D68C5F379
:1049C000080501EE105AB8EE411A31EE811AF7EEE1
:1049D000001A31EE211A22EE010A5BE001EE100A04
:1049E000B8EE411ADFED4F1A81EE812A9FED4B1A86
:1049F000C0EE811A474D10352D68C5F3080501EE4C
:104A0000105AB8EE411A31EE811AF7EE001A31EE63
:104A1000211A22EE010A3DE077E01DE001EE100AC6
:104A2000B8EE411A9FED402AC2EE011A9FED3B1AE3
:104A300080EE812A374D10352D68C5F3080501EE4B
:104A4000105AB8EE411A32EE011AB7EE002A31EED2
:104A5000021A21EE810A1DE001EE100AB8EE411A99
:104A6000DFED301A81EE812A9FED2C1AC0EE811AFB
:104A7000284D10352D68C5F3080501EE105AB8EE23
:104A8000411A31EE811AF7EE001A31EE211A22EEA8
:104A9000010A00BF00BF1F4D10352D68C5F3462524
:104AA00001EE105AB8EE411AF7EE001A31EE211A53
:104AB000C0EE011ABCEEE11A81ED001A154D103559
:104AC0002D68C5F3064501EE105AB8EE411AF7EE0F
:104AD000001A31EE211AC0EE011ABCEEE11A81ED86
:104AE000011A0C4D10352D68C5F3066501EE105AFC
:104AF000B8EE411AF7EE001A31EE211AC0EE011A93
:104B0000BCEEE11A81ED021A03E000250D604D6054
:104B10008D6070BD284402580090D003000000460C
:104B20000024744C0024744A20BCBE4B70B501466E
:104B3000844D2D6805F00303824D2D68C5F30550A3
:104B4000804D2D1D2D68C5F300247E4D1C352D682C
:104B5000C5F3CC0515FB04F501EE105AB8EE411A69
:104B6000F0EE410A00286FD023B1012B4ED0022B6A
:104B70006BD16BE0734D283D2D68C5F340153DB3F7
:104B8000704D283D2D68C5F3C1066F4D25FA06F21C
:104B900001EE102AF8EE411A01EE100AB8EE411AA1
:104BA00081EE812A9FED691AC0EE811A654D183594
:104BB0002D68C5F3080501EE105AB8EE411A31EE22
:104BC000811AF7EE001A31EE211A22EE010A1CE0DA
:104BD00001EE100AB8EE411ADFED5D1A81EE812A6E
:104BE0009FED5A1AC0EE811A564D18352D68C5F33F
:104BF000080501EE105AB8EE411A31EE811AF7EEAF
:104C0000001A31EE211A22EE010A5BE001EE100AD1
:104C1000B8EE411ADFED4F1A81EE812A9FED4B1A53
:104C2000C0EE811A474D18352D68C5F3080501EE11
:104C3000105AB8EE411A31EE811AF7EE001A31EE31
:104C4000211A22EE010A3DE077E01DE001EE100A94
:104C5000B8EE411A9FED402AC2EE011A9FED3B1AB1
:104C600080EE812A374D18352D68C5F3080501EE11
:104C7000105AB8EE411A32EE011AB7EE002A31EEA0
:104C8000021A21EE810A1DE001EE100AB8EE411A67
:104C9000DFED301A81EE812A9FED2C1AC0EE811AC9
:104CA000284D18352D68C5F3080501EE105AB8EEE9
:104CB000411A31EE811AF7EE001A31EE211A22EE76
:104CC000010A00BF00BF1F4D18352D68C5F34625EA
:104CD00001EE105AB8EE411AF7EE001A31EE211A21
:104CE000C0EE011ABCEEE11A81ED001A154D18351F
:104CF0002D68C5F3064501EE105AB8EE411AF7EEDD
:104D0000001A31EE211AC0EE011ABCEEE11A81ED53
:104D1000011A0C4D18352D68C5F3066501EE105AC1
:104D2000B8EE411AF7EE001A31EE211AC0EE011A60
:104D3000BCEEE11A81ED021A03E000250D604D6022
:104D40008D6070BD284402580090D00300000046DA
:104D50000024744C0024744A20BCBE4B2DE9F04161
:104D600004460025A8464FF00062D4E90010114027
:104D70000020134659404040014331D1606E48B194
:104D8000B0F5801F0DD0B0F5001F11D0B0F5401F59
:104D900016D114E0FE48006840F40030FC49086079
:104DA00010E0022104F1080004F0D4F8054609E0FF
:104DB000022104F1280004F07FF9054602E001E039
:104DC000012500BF00BF55B9F1482430006820F428
:104DD0004010616E0843EE492431086000E0A846A7
:104DE0004FF48072D4E9001011400020134659405E
:104DF000404001432ED1A06D05281BD2DFE800F012
:104E0000030A11181900E248006840F40030E04934
:104E1000086011E0002104F1080004F09BF8054649
:104E20000AE0002104F1280004F046F9054603E0F9
:104E300002E001E0012500BF00BF55B9D44824308D
:104E4000006820F00700A16D0843D14924310860B3
:104E500000E0A8464FF48062D4E900101140002021
:104E600013465940404001433DD1D4F8A400B0F569
:104E7000C00F24D007DC68B1B0F5001F11D0B0F529
:104E8000800F1FD114E0B0F5000F19D0B0F5200F3E
:104E900018D116E0BE48006840F40030BC490860F4
:104EA00012E0002104F1080004F054F805460BE07C
:104EB000002104F1280004F0FFF8054604E003E0B7
:104EC00002E001E0012500BF00BF5DB9B0482C3011
:104ED000006820F46000D4F8A4100843AC492C31D9
:104EE000086000E0A8464FF40062D4E900011040D9
:104EF000002113465840494008433DD1D4F8A8004A
:104F0000B0F1407F24D007DC68B1B0F1807F11D0D0
:104F1000B0F1007F1FD114E0B0F1806F19D0B0F173
:104F2000A06F18D116E09A48006840F40030984904
:104F3000086012E0002104F1080004F00BF80546B7
:104F40000BE0002104F1280004F0B6F8054604E067
:104F500003E002E001E0012500BF00BF5DB98C481D
:104F60002C30006820F0E060D4F8A810084388498D
:104F70002C31086000E0A8464FF00073D4E900101F
:104F80001940002059404040014328D1E06CA8B1AD
:104F9000102804D0202809D0302810D10DE07C48FA
:104FA000006840F400307A4908600AE0022104F108
:104FB000080003F0CFFF054603E002E001E0012511
:104FC00000BF00BF55B972482030006820F03000A3
:104FD000E16C08436E492031086000E0A8464FF4B8
:104FE0008053D4E90010194000205940404001434B
:104FF00037D1E06DB0F5005F1AD004DC50B1B0F5E8
:10500000805F1ED10DE0B0F5405F18D0B0F5804F45
:1050100017D115E05E48006840F400305C49086034
:1050200011E0002104F1080003F094FF05460AE0B6
:10503000002104F1280004F03FF8054603E002E0F7
:1050400001E0012500BF00BF55B951482430006878
:1050500020F4E040E16D08434D492431086000E050
:10506000A8464FF40053D4E90010194000205940DD
:105070004040014335D1206EB0F5403F1ED007DCE3
:1050800068B1B0F5803F0BD0B0F5003F19D10EE00C
:10509000B0F5802F13D0B0F5A02F12D110E012E0A0
:1050A000012104F1080003F055FF05460BE0012142
:1050B00004F1280004F000F8054604E003E002E0F3
:1050C00001E0012500BF00BF55B931482430006818
:1050D00020F4E020216E08432D492431086000E0CF
:1050E000A8464FF48042D4E9000110400021134645
:1050F00058404940084337D1D4F8AC00B0F1405F84
:105100001ED007DC68B1B0F1805F0BD0B0F1005F5A
:1051100019D10EE0B0F1804F13D0B0F1A04F12D1F1
:1051200010E012E0012104F1080003F013FF05462E
:105130000BE0012104F1280003F0BEFF054604E066
:1051400003E002E001E0012500BF00BF5DB91048A7
:105150002C30006820F0E040D4F8AC1008430C4933
:105160002C31086000E0A8464FF40043D4E9000168
:10517000184000215840494008432AD1E06EB8B198
:10518000B0F1805F06D0B0F1005F12D109E00000FD
:105190002C440258F948006840F40030F749086090
:1051A00009E0012104F1080003F0D4FE054602E005
:1051B00001E0012500BF00BF55B9F0482430006868
:1051C00020F04050E16E0843EC492431086000E0D3
:1051D000A8464FF08073D4E90010194000205940D0
:1051E0004040014328D1A06CA8B1012804D0022876
:1051F00009D0032810D10DE0E048006840F40030E9
:10520000DE4908600AE0022104F1080003F0A2FE72
:10521000054603E002E001E0012500BF00BF55B9EB
:10522000D6482030006820F00300A16C0843D34921
:105230002031086000E0A8464FF48003D4E9001054
:10524000194000205940404001437DD1CC480068BE
:1052500040F48070CA490860FFF7E2F9064606E0AC
:10526000FFF7DEF9801B642801D9032505E0C44857
:10527000006800F480700028F2D000BF85BBBF48F2
:105280004430006800F44070B4F8B01001F440718C
:10529000884213D0B9484430006820F44077B748BA
:1052A0004430006840F48030B44944310860084616
:1052B000006820F48030086008460760D4F8B00029
:1052C000B0F5807F15D1FFF7ABF9064609E0FFF78F
:1052D000A7F9801B41F28831884202D9032507E0F3
:1052E00038E0A64844300068C0F340000028EED003
:1052F00000BF55BB00BFB4F8B00000F44070B0F57B
:10530000407F0ED19D481C38006820F47C519D4A96
:10531000D4F8B000104041EA101098491C390860D8
:1053200007E096481C38006820F47C5093491C39EB
:105330000860924844300068B4F8B010C1F30B0123
:1053400008438E49443101E005E001E0086002E0D5
:10535000A84600E0A8460122D4E90001104000213F
:10536000134658404940084330D1A06F18281AD03E
:1053700005DC48B1082808D0102817D10CE02028F7
:1053800012D0282812D110E012E0012104F1080007
:1053900003F0E0FD05460BE0012104F1280003F0D5
:1053A0008BFE054604E003E002E001E0012500BFBA
:1053B00000BF55B971482830006820F03800A16F4F
:1053C00008436E492831086000E0A8460223D4E96A
:1053D00000101940002059404040014329D1606F1E
:1053E000062816D2DFE800F003040B12131412E0B3
:1053F000012104F1080003F0ADFD05460BE0012199
:1054000004F1280003F058FE054604E003E002E042
:1054100001E0012500BF00BF55B958482830006899
:1054200020F00700616F084354492831086000E00C
:10543000A8460422D4E90010114000201346594028
:10544000404001432BD1D4F89000062816D2DFE863
:1054500000F003040B12131412E0012104F1080000
:1054600003F078FD05460BE0012104F1280003F06C
:1054700023FE054604E003E002E001E0012500BF51
:1054800000BF5DB93D482C30006820F00700D4F81B
:105490009010084339492C31086000E0A8462023C9
:1054A000D4E900011840002158404940084337D151
:1054B000D4F88C00B0F1405F1ED007DC68B1B0F1C9
:1054C000805F0BD0B0F1005F19D10EE0B0F1804FDA
:1054D00013D0B0F1A04F12D110E012E0002104F17E
:1054E000080003F037FD05460BE0022104F1280017
:1054F00003F0E2FD054604E003E002E001E00125DF
:1055000000BF00BF5DB91D482830006820F0E040B2
:10551000D4F88C10084319492831086000E0A846E7
:105520004023D4E900101940002059404040014375
:105530003CD1D4F89800B0F5406F25D007DC68B1B5
:10554000B0F5806F0BD0B0F5006F20D10EE0B0F554
:10555000805F1AD0B0F5A05F19D117E019E00021E3
:1055600004F1080003F0F6FC054612E0022104F104
:10557000280003F0A1FD05460BE000002C44025872
:1055800000480258FFFCFF0F03E002E001E00125A4
:1055900000BF00BF4DB9FE48006820F4E050D4F8C9
:1055A00098100843FA49086000E0A8468023D4E92F
:1055B00000101940002059404040014335D1D4F833
:1055C0009C00B0F5C04F1ED007DC68B1B0F5005F9D
:1055D0000BD0B0F5804F19D10EE0B0F5004F13D0CD
:1055E000B0F5204F12D110E012E0002104F10800C4
:1055F00003F0B0FC05460BE0022104F1280003F0A3
:105600005BFD054604E003E002E001E0012500BF88
:1056100000BF4DB9DE48006820F46040D4F89C100B
:105620000843DB49086000E0A8460823D4E90001EC
:105630001840002158404940084317D1D4F8800051
:10564000B0F5805F07D1022104F1280003F034FD9A
:1056500008B14FF00108CE48001F006820F4405008
:10566000D4F880100843CA49091F08601023D4E900
:1056700000011840002158404940084315D1D4F892
:105680009400B0F5807F07D1022104F1280003F0D7
:1056900013FD08B14FF00108BD48006820F44070C8
:1056A000D4F894100843BA4908604FF40023D4E9B1
:1056B00000011840002158404940084327D1D4F840
:1056C000A00030B1B0F5803F0AD0B0F5003F0FD157
:1056D0000DE0002104F1080003F03CFC054609E060
:1056E000022104F1280003F0E7FC054602E001E096
:1056F000012500BF00BF4DB9A548006820F4403027
:10570000D4F8A0100843A249086000E0A8464FF46E
:105710008023D4E900011840002158404940084343
:105720002DD1D4F88400B0F5801F06D0B0F5001F4D
:105730000CD0B0F5401F11D10FE095482C3800680F
:1057400040F4003092492C39086009E0012104F14D
:10575000280003F0B1FC054602E001E0012500BF8E
:1057600000BF5DB98A48001F006820F44010D4F8DB
:10577000841008438649091F086000E0A8464FF4DA
:105780008032D4E9000110400021134658404940BE
:10579000084325D1206D18B1B0F5803F10D108E045
:1057A0007B482C38006840F4003079492C39086077
:1057B00008E0022104F1080003F0CCFB054601E0FB
:1057C000012500BF00BF55B971480C38006820F4AE
:1057D0008030216D08436E490C39086000E0A8460E
:1057E0004FF00053D4E900101940002059404040C8
:1057F000014307D1022104F1280003F05DFC08B148
:105800004FF001084FF40032D4E9000110400021AC
:10581000134658404940084327D1E06FA0B1B0F586
:10582000807F06D0B0F5007F0CD0B0F5407F0CD162
:1058300009E057482C38006840F4003054492C39AE
:10584000086004E003E002E001E0012500BF00BFC2
:1058500055B94F48001F006820F44070E16F0843BD
:105860004B49091F086000E0A8464FF48012D4E9B4
:10587000001011400020134659404040014309D117
:1058800043480838006820F00040216F0843404931
:10589000083908604FF40013D4E9000118400021D2
:1058A00058404940084309D139480838006820F079
:1058B0008070A16E08433649083908604FF0804374
:1058C000D4E900101940002059404040014311D153
:1058D00000BF2F484838006820F400402C49483960
:1058E000086008460068D4F8B410084328494839CD
:1058F000086000BF4FF00042D4E9000110400021D1
:10590000134658404940084309D121480C380068E3
:1059100020F04050616D08431D490C3908604FF478
:105920000002D4E9001011400020134659404040C5
:1059300001430AD11648001F006820F44000D4F843
:10594000881008431249091F08600122002160687D
:10595000104049405040014306D104F1080003F0D3
:10596000F9FA054605B1A8460222002160681040F8
:1059700049405040014307D1012104F1080003F0E0
:10598000E9FA054605B1A84604230020616801E054
:10599000584402581940042240405140084307D15E
:1059A000022104F1080003F0D5FA054605B1A84626
:1059B00008230020616819400822404051400843F4
:1059C00007D1002104F1280003F076FB054605B15C
:1059D000A846102300206168194010224040514021
:1059E000084307D1012104F1280003F065FB0546B7
:1059F00005B1A8462022002160681040494050406F
:105A0000014307D1022104F1280003F055FB0546AC
:105A100005B1A846B8F1000F02D10020BDE8F08121
:105A20000120FBE72DE9F04104460D4614B90120A1
:105A3000BDE8F081BD48006800F00F00A8420ED21A
:105A4000BA48006820F00F002843B84908600846AB
:105A5000006800F00F00A84201D00120E8E720789C
:105A600000F0040004280ED1B1492069096801F052
:105A70007001884207D9AE48006820F070002169A3
:105A80000843AB490860207800F00800082811D1CD
:105A9000A749091D6069096801F07001884209D9A8
:105AA000A348001D006820F0700061690843A04908
:105AB000091D0860207800F01000102811D19C49C1
:105AC000091DA069096801F4E061884209D9984874
:105AD000001D006820F4E060A16908439449091D95
:105AE0000860207800F02000202811D1904908316A
:105AF000E069096801F07001884209D98C480830D2
:105B0000006820F07000E1690843894908310860A5
:105B1000207800F0020002280ED18549E06809686B
:105B200001F00F01884207D98148006820F00F007A
:105B3000E16808437E490860207800F001000028F1
:105B400050D07B48006820F47060A1680843784911
:105B500008606068022807D1754818380068C0F3EB
:105B60004040F8B9012063E76068032807D1704816
:105B700018380068C0F34060A0B9012058E7606899
:105B8000012807D16A4818380068C0F3002048B9D6
:105B900001204DE7664818380068C0F3800008B956
:105BA000012045E762480838006820F00700616876
:105BB00008435F4908390860FEF732FD064608E0F1
:105BC000FEF72EFD801B41F28831884201D9032067
:105BD0002EE757480838006800F038006168B0EBDD
:105BE000C10FEDD1207800F0020002280ED15049FB
:105BF000E068096801F00F01884207D24C4800684C
:105C000020F00F00E16808434949086047480068F0
:105C100000F00F00A8420ED94448006820F00F00A1
:105C20002843424908600846006800F00F00A84277
:105C300001D00120FCE6207800F0040004280ED1F9
:105C40003B492069096801F07001884207D2384851
:105C5000006820F070002169084335490860207809
:105C600000F00800082811D13149091D6069096850
:105C700001F07001884209D22D48001D006820F013
:105C80007000616908432A49091D0860207800F006
:105C90001000102811D12649091DA069096801F4D6
:105CA000E061884209D22248001D006820F4E060CB
:105CB000A16908431E49091D0860207800F02000F2
:105CC000202811D11A490831E069096801F07001F2
:105CD000884209D216480830006820F07000E16957
:105CE000084313490831086000F0ACF8104909680E
:105CF000C1F303210F4A515C01F01F0120FA01F7A3
:105D00000B48006800F00F001146085C00F01F000F
:105D100027FA00F00849086008480760084800684A
:105D2000FEF7C0FC8046404682E60000002000529C
:105D300018440258F841010874000024700000243F
:105D4000680000243F220260174A126802F007022E
:105D50004260154A0832126802F470628260124A88
:105D60000832126802F00F02C2600F4A083212684D
:105D700002F0700202610C4A0C32126802F07002EA
:105D80004261094A0C32126802F4E0628261064AFA
:105D90001032126802F07002C261044A126802F006
:105DA0000F020A60704700001044025800200052A1
:105DB00010B500F047F80D490968C1F303210C4AFA
:105DC000515C01F01F0120FA01F40848006800F05E
:105DD0000F001146085C00F01F0024FA00F005498E
:105DE0000860054804600846006810BD1844025861
:105DF000F8410108740000247000002400B5FFF78A
:105E0000D7FF05490968C1F30211044A515C01F04A
:105E10001F01C84000BD00001C440258F8410108A1
:105E200000B5FFF7C5FF05490968C1F30221044A1F
:105E3000515C01F01F01C84000BD00001C44025825
:105E4000F8410108F0B5824E366806F0380636B1E2
:105E5000082E15D0102E15D0182E7DD114E07C4EB2
:105E6000103E3668C6F3401646B1794E103E36688D
:105E7000C6F3C107774E26FA07F000E07548E5E063
:105E80007548E3E07548E1E0714E1836366806F073
:105E900003046F4E18363668C6F305116C4E1C3677
:105EA000366806F001056A4E24363668C6F3CC061D
:105EB00016FB05F601EE106AB8EE410A002971D012
:105EC00024B1012C50D0022C6DD16DE0604E103EFB
:105ED0003668C6F340163EB35D4E103E3668C6F3D4
:105EE000C1075C4E26FA07F301EE103AF8EE411AAC
:105EF00001EE101AB8EE411A81EE812A9FED581A70
:105F0000C0EE011A524E20363668C6F3080601EE7E
:105F1000106AB8EE411A31EE811AF7EE001A31EE2E
:105F2000211A62EE010A1EE001EE101AB8EE411AC3
:105F3000DFED4C1A81EE812A9FED491AC0EE011A5D
:105F4000434E20363668C6F3080601EE106AB8EEF6
:105F5000411A31EE811A00E076E0F7EE001A31EED8
:105F6000211A62EE010A5BE001EE101AB8EE411A46
:105F70009FED3D2AC2EE011A9FED391A80EE012AEB
:105F8000334E20363668C6F3080601EE106AB8EEC6
:105F9000411A32EE011AB7EE002A31EE021A61EE12
:105FA000810A3DE04EE01DE001EE101AB8EE411A04
:105FB000DFED2E1A81EE812A9FED291AC0EE011A1B
:105FC000234E20363668C6F3080601EE106AB8EE96
:105FD000411A31EE811AF7EE001A31EE211A62EE03
:105FE000010A1DE001EE101AB8EE411A9FED1E2ABB
:105FF000C2EE011A9FED1A1A80EE012A144E2036C5
:106000003668C6F3080601EE106AB8EE411A32EEA1
:10601000011AB7EE002A31EE021A61EE810A00BFC2
:1060200000BF0B4E20363668C6F34626721C01EEC2
:10603000102AB8EE411AC0EE811ABCEEE11A11EE38
:10604000100A00E0002001E0034800BF00BFF0BDDF
:10605000104402580090D00300093D0040787D01B3
:10606000000000460024744C0024744A20BCBE4B3F
:106070002DE9F047044614B90120BDE8F0872078E7
:1060800000F00100002870D0F948006800F03808DE
:10609000F7481830D0F80090B8F1100F06D0B8F1DA
:1060A000180F0FD109F0030002280BD1F048103867
:1060B0000068C0F3404000286AD06068002867D1BB
:1060C0000120DAE700BF6068B0F5803F08D1E848FA
:1060D0001038006840F48030E549103908602EE03F
:1060E000606868B9E2481038006820F48030E04900
:1060F000103908600846006820F4802008601EE01F
:106100006068B0F5A02F0DD1D9481038006840F470
:106110008020D749103908600846006840F4803074
:1061200008600CE0D2481038006820F48030D04974
:10613000103908600846006820F48020086000BF1D
:10614000606898B1FEF76CFA054606E0FEF768FA5B
:10615000401B642801D903208FE7C5481038006828
:10616000C0F340400028F1D012E012E0FEF758FAE8
:10617000054606E0FEF754FA401B642801D90320C7
:106180007BE7BB4810380068C0F340400028F1D1DD
:1061900000BF207800F00200022879D1B4480068DE
:1061A00000F03808B2481830D0F80090B8F1000F6D
:1061B00005D0B8F1180F35D109F0030088BBAC4801
:1061C00010380068C0F3800018B1E06808B90120F9
:1061D00053E7A7481038006820F01900E168084329
:1061E000A34910390860FEF71BFA054606E0FEF7E2
:1061F00017FA401B022801D903203EE79C481038BB
:106200000068C0F380000028F1D099480C3800687D
:1062100020F0FE40217C40EA016095490C3908607D
:1062200045E0FFE7E06838B391481038006820F097
:106230001900E16808438E4910390860FEF7F0F94B
:10624000054606E0FEF7ECF9401B022801D90320C1
:1062500013E7874810380068C0F380000028F1D0A9
:1062600083480C38006820F0FE40217C40EA016041
:106270007F490C3908601AE07D481038006820F02A
:1062800001007B4910390860FEF7CAF9054607E0AE
:106290000EE0FEF7C5F9401B022801D90320ECE609
:1062A000734810380068C0F380000028F1D100BFA7
:1062B000207800F0100010286FD16D48006800F0C1
:1062C00038086B481830D0F80090B8F1080F06D0A5
:1062D000B8F1180F1CD109F00300012818D1644847
:1062E00010380068C0F3002020B1E069802801D098
:1062F0000120C2E600BF5E48001F006820F07C500D
:1063000094F8201040EA01605949091F086043E0F1
:10631000E06938B356481038006840F080005449AE
:1063200010390860FEF77CF9054606E0FEF778F9BB
:10633000401B022801D903209FE64D481038006811
:10634000C0F300200028F1D000BF4948001F0068BA
:1063500020F07C5094F8201040EA01604449091F65
:10636000086019E042481038006820F08000404979
:1063700010390860FEF754F9054606E0FEF750F9BB
:10638000401B022801D9032077E6394810380068FD
:10639000C0F300200028F1D100BF207800F00800F1
:1063A000082836D16069D0B131486430006840F0C7
:1063B00001002F4964310860FEF732F9054606E016
:1063C000FEF72EF9401B022801D9032055E6284884
:1063D00064300068C0F340000028F1D019E0244880
:1063E0006430006820F00100214964310860FEF744
:1063F00017F9054606E0FEF713F9401B022801D9FC
:1064000003203AE61A4864300068C0F340000028D0
:10641000F1D1207800F02000202838D1A069D0B137
:1064200013481038006840F4805011491039086052
:10643000FEF7F6F8054606E0FEF7F2F8401B0228E4
:1064400001D9032019E60A4810380068C0F340302B
:106450000028F1D01BE006481038006820F4805076
:10646000034910390860FEF7DBF8054609E0000033
:1064700010440258FEF7D4F8401B022801D903202B
:10648000FBE5D0480068C0F340300028F2D1207806
:1064900000F0040004287DD1CB48006840F48070EF
:1064A000C9490860FEF7BCF8054606E0FEF7B8F8F3
:1064B000401B642801D90320DFE5C348006800F4CD
:1064C00080700028F2D000BFA068012808D1BD4824
:1064D0007030006840F00100BA49703108602DE06A
:1064E000A06868B9B7487030006820F00100B5496D
:1064F000703108600846006820F0040008601DE064
:10650000A06805280DD1AF487030006840F0040045
:10651000AC49703108600846006840F0010008602E
:106520000CE0A8487030006820F00100A5497031E7
:1065300008600846006820F00400086000BFA068FA
:10654000A0B1FEF76DF8054608E0FEF769F8401BBC
:1065500041F28831884201D903208EE59948703094
:106560000068C0F340000028EFD013E0FEF758F8B1
:10657000054608E0FEF754F8401B41F28831884296
:1065800001D9032079E58F4870300068C0F34000DE
:106590000028EFD1606A00287DD08A48103000685A
:1065A00000F03800182877D0606A022875D1854835
:1065B000006820F0807083490860FEF731F80546D6
:1065C00006E0FEF72DF8401B022801D9032054E510
:1065D0007C480068C0F340600028F2D100BFD4E9D5
:1065E0000A1041EA001077492831096840F2F33275
:1065F00091430843734928310860208E401EC0F340
:106600000800616B491E4FF47E4202EA41210843B3
:10661000218F491ED20102EA014108433C21095D54
:10662000491E120202EA01610843664930310860DE
:1066300000BF081F006820F00100091F08606148C2
:10664000343000684FF6F8718843A16C40EAC1000D
:106650005C49343108605B482C30006820F00C0045
:10666000216C084357492C3108600846006820F027
:106670000200616C084353492C31086008460068E9
:1066800040F4803008600846006840F4003008603C
:106690000846006802E092E038E01FE040F4802005
:1066A00008600846006840F001000860454800683E
:1066B00040F0807043490860FDF7B2FF054606E0F0
:1066C000FDF7AEFF401B022801D90320D5E43D4869
:1066D0000068C0F340600028F2D070E039480068DC
:1066E00020F0807037490860FDF79AFF054606E004
:1066F000FDF796FF401B022801D90320BDE4314875
:106700000068C0F340600028F2D158E02D482830DE
:1067100007682C4830300668606A012821D007F0ED
:106720000301A06A81421CD1C7F30511E06A8842C7
:1067300017D1C6F30801206B401E814211D1606B56
:10674000401EC6F3462188420BD1A06B401EC6F303
:106750000641884205D1E06B401EC6F306618842BF
:1067600001D0012089E4174834300068C0F3CC0719
:10677000A06CB84223D013482C30006820F00100F0
:1067800010492C310860FDF74BFF054600BFFDF7AF
:1067900047FF401BFBD00B48343000684FF6F871C0
:1067A0008843A16C40EAC1000649343108600548BD
:1067B0002C30006840F0010002492C3108600020B4
:1067C0005BE40000004402580048025870477047DC
:1067D0007047000030B502460B4600BF92F83C00FF
:1067E000012801D1022030BD012082F83C0000BF09
:1067F000022082F83D001068416810688468254DC9
:106800001068A84203D0244D1068A84203D121F497
:1068100070015868014321F0700118680143106845
:1068200041601C4D1068A84223D01068B0F1804F21
:106830001FD01A4D1068A8421BD0194D1068A842ED
:1068400017D0184D1068A84213D0134D1068A842F5
:106850000FD0154D1068A8420BD0144D1068A842F7
:1068600007D0134D1068A84203D0124D1068A842FB
:1068700005D124F0800498680443106884600120E6
:1068800082F83D0000BF002082F83C0000BF00BF3E
:10689000A9E700000000014000040140000400409E
:1068A00000080040000C004000180040004001407B
:1068B00000E0004000E4004010B504460CB901209F
:1068C00010BD94F83D0028B9002084F83C00204613
:1068D00000F02AF8022084F83D00211D206802F013
:1068E0002FFF012084F8480000BF84F83E000121FA
:1068F0003F200155402001554120015542200155BE
:106900004320015500BF00BF012084F8440045200A
:106910000155462001554720015500BF012084F84C
:106920003D000020CCE7000010B586B004461421DD
:1069300001A8F9F7BEFF2068B0F1804F0DD100BF6C
:106940003948006840F0010037490860084600688F
:1069500000F00100009000BF63E0344920688842E5
:106960004DD100BF3048006840F002002E49086059
:106970000846006800F00200009000BF00BF00BFA2
:1069800029480838006840F00400274908390860A1
:106990000846006800F00400009000BF00BF80209F
:1069A00001900220029000200390049002200590A4
:1069B00001A91F48FDF736FD1E481F490860172032
:1069C000486040211C4881600021C1604FF4806113
:1069D000016149004161890081610021C1614FF479
:1069E0004031016200214162FCF724FA08B1FAF754
:1069F0008EFE00BF104961620846846311E00F49B2
:106A0000206888420DD100BF0748006840F00400AC
:106A1000054908600846006800F00400009000BFC7
:106A200000BF06B010BD0000E8440258000400405A
:106A300000080258A0000240E405002400080040BD
:106A4000014691F83D00012801D001207047022045
:106A500081F83D000868C06840F001000B68D8600C
:106A6000204B0868984223D00868B0F1804F1FD0AF
:106A70001D4B086898421BD01C4B0868984217D0E1
:106A80001B4B0868984213D01A4B086898420FD0E5
:106A9000194B086898420BD0184B0868984207D0E9
:106AA000174B0868984203D0164B0868984210D1DB
:106AB00008688068144B00EA0302062A0FD0B2F57A
:106AC000803F0CD00868006840F001000B68186037
:106AD00005E00868006840F001000B6818600020BD
:106AE000B4E700000000014000040040000800403E
:106AF000000C00400004014000180040004001402C
:106B000000E0004000E40040070001002DE9F041F2
:106B100004460D46002700BF94F83C00012802D12E
:106B20000220BDE8F081012084F83C0000BF022073
:106B300084F83D00206886684048064026F47F4679
:106B4000206886602868702826D00CDC00F00F01D1
:106B5000002966D10011072863D2DFE800F05556FE
:106B600057584B374100B0F1101F52D009DCB0F537
:106B7000805F10D0B0F5005F1BD0B0F5801F50D102
:106B800046E0A0F580102038002843D0102842D0DD
:106B9000202846D140E046E0D5E902136A68206823
:106BA00002F0D6FE2068866846F077062068866088
:106BB00039E0D5E902136A68206802F0C9FE20684E
:106BC000806840F48040216888602CE0EA68696849
:106BD000206803F089F85021206802F0C5FE22E009
:106BE000EA686968206803F092F86021206802F082
:106BF000BBFE18E0EA686968206803F075F8402178
:106C0000206802F0B1FE0EE000BF00BF00BF00BF71
:106C100000BF00BF00BF00BF2968206802F0A4FECB
:106C200001E0012700BF00BF012084F83D0000BF44
:106C3000002084F83C0000BF384672E788FFCEFF92
:106C40007047704770B504462068C66820680569BB
:106C500005F00200022819D106F00200022815D121
:106C6000401F21680861012020772068806900F0BA
:106C7000030018B12046FFF7E4FF05E0204600F0CE
:106C80000FF9204600F0FDF90020207705F0040000
:106C9000042819D106F00400042815D1C043216846
:106CA0000861022020772068806900F4407018B1E4
:106CB0002046FFF7C6FF05E0204600F0F1F8204629
:106CC00000F0DFF90020207705F00800082819D12E
:106CD00006F00800082815D1C04321680861042087
:106CE00020772068C06900F0030018B12046FFF744
:106CF000A8FF05E0204600F0D3F8204600F0C1F9D7
:106D00000020207705F01000102819D106F010009F
:106D1000102815D1C0432168086108202077206819
:106D2000C06900F4407018B12046FFF78AFF05E003
:106D3000204600F0B5F8204600F0A3F900202077A7
:106D400005F0010048B106F0010030B16FF001001C
:106D500021680861204600F0BDFB05F08000802816
:106D600004D005F40050B0F5005F0AD106F08000B1
:106D7000802806D16FF40250216808612046FFF791
:106D800026FD05F48070B0F5807F0AD106F0800002
:106D9000802806D16FF48070216808612046FFF7D3
:106DA00015FD05F04000402809D106F040004028BC
:106DB00005D1C04321680861204600F097FB05F02B
:106DC0002000202809D106F02000202805D1C0434A
:106DD000216808612046FFF7FBFC70BD10B586B046
:106DE0000446142101A8F9F764FD28492068884267
:106DF0001CD100BF2648006840F004002449086008
:106E00000846006800F00400009000BF00BF40206A
:106E100001900220029001200390032004900220A0
:106E2000059001A91B48FDF7FDFA2DE01A492068DD
:106E3000884229D100BF1648006840F00800144974
:106E400008600846006800F00800009000BF00BF1E
:106E50004FF4804001900220029000200390022015
:106E60000490059001A90D48FDF7DCFA4FF40040AD
:106E700001900220029000200390049002200590CF
:106E800001A90648FDF7CEFA06B010BD0004004087
:106E9000E04402580008025800080040000C025864
:106EA00070472DE9F04104460D461646002700BF05
:106EB00094F83C00012802D10220BDE8F0810120B5
:106EC00084F83C0000BF0C2E51D005DC4EB1042EDE
:106ED0001ED0082E7AD133E0102E60D0142EF9D1B6
:106EE00075E02946206802F04BFD2068806940F07B
:106EF0000800216888612068806920F0040021680A
:106F0000886120688069296908432168886178E080
:106F10002946206802F08AFD2068806940F40060FC
:106F2000216888612068806920F480602168886118
:106F300020688069296940EA01202168886160E051
:106F40002946206802F0CCFD2068C06940F00800A6
:106F50002168C8612068C06920F004002168C86108
:106F60002068C069296908432168C86149E0294649
:106F7000206802F00FFE2068C06940F400602168BC
:106F8000C8612068C06920F480602168C8612068F9
:106F9000C069296940EA01202168C86131E02946B9
:106FA000206802F031FE2068406D40F00800216842
:106FB00048652068406D20F004002168486520681D
:106FC000406D29690843216848651AE017E02946A1
:106FD000206802F051FE2068406D40F40060216896
:106FE00048652068406D20F480602168486520680D
:106FF000406D296940EA01202168486501E00127C8
:1070000000BF00BF00BF002084F83C0000BF38462E
:1070100053E710B504460CB9012010BD94F83D00AB
:1070200028B9002084F83C00204600F029F802200E
:1070300084F83D00211D206802F082FB012084F8C5
:10704000480000BF84F83E0001213F200155402048
:10705000015541200155422001554320015500BFF3
:1070600000BF012084F84400452001554620015509
:107070004720015500BF012084F83D000020CCE7E7
:10708000704770477047000070B504460D4615B94B
:1070900094F83E0015E0042D02D13F20005D10E081
:1070A000082D02D14020005D0BE00C2D02D14120C3
:1070B000005D06E0102D02D14220005D01E043207A
:1070C000005D012801D0012070BD1DB9022084F8A7
:1070D0003E001AE0042D03D102213F20015514E0A7
:1070E000082D03D10221402001550EE00C2D03D1C3
:1070F00002214120015508E0102D03D10221422038
:10710000015502E002214320015501222946206851
:1071100002F08AFB2F49206888420FD02E49206850
:1071200088420BD02D492068884207D02C4920681E
:10713000884203D02B492068884201D1012000E019
:10714000002028B12068406C40F400402168486469
:1071500020492068884223D02068B0F1804F1FD09A
:107160002149206888421BD020492068884217D0D6
:107170001F492068884213D01749206888420FD0E1
:107180001C49206888420BD014492068884207D0E7
:1071900019492068884203D018492068884210D1D4
:1071A00020688068164900EA0106062E0FD0B6F561
:1071B000803F0CD02068006840F001002168086022
:1071C00005E02068006840F00100216808600020A8
:1071D0007AE7000000000140000401400040014047
:1071E0000044014000480140000400400008004005
:1071F000000C00400018004000E0004000E40040A7
:10720000070001002DE9F04704460D461646984652
:107210004FF0000915B994F83E0015E0042D02D195
:107220003F20005D10E0082D02D14020005D0BE002
:107230000C2D02D14120005D06E0102D02D142202C
:10724000005D01E04320005D022801D1BDE8F08728
:1072500015B994F83E0015E0042D02D13F20005DE1
:1072600010E0082D02D14020005D0BE00C2D02D172
:107270004120005D06E0102D02D14220005D01E0BA
:107280004320005D012826D116B1B8F1000F01D1CD
:107290000120DBE71DB9022084F83E001DE0042D2B
:1072A00003D102213F20015517E0082D03D102210F
:1072B0004020015511E00C2D03D102214120015540
:1072C0000BE0102D03D102214220015505E00221DF
:1072D0004320015501E00120B8E735B1042D1FD04E
:1072E000082D38D00C2D6CD150E06B49606AC16319
:1072F0006A49606A01646A49606AC164216801F18F
:10730000340243463146606AFCF71EF808B101209A
:107310009CE72068C06840F400702168C86053E0B2
:107320005D49A06AC1635D49A06A01645C49A06AC5
:10733000C164216801F1380243463146A06AFCF776
:1073400003F808B1012081E72068C06840F480603C
:107350002168C86038E05049E06AC1634F49E06A7B
:1073600001644F49E06AC164216801F13C0243466F
:107370003146E06AFBF7E8FF08B1012066E72068C4
:10738000C06840F400602168C8601DE04249206B7D
:10739000C1634249206B01644149206BC16421688B
:1073A00001F1400243463146206BFBF7CDFF08B1A7
:1073B00001204BE72068C06840F480502168C86015
:1073C00002E04FF0010900BF00BFB9F1000F61D129
:1073D00001222946206802F027FA324920688842B3
:1073E0000FD03149206888420BD03049206888424C
:1073F00007D02F492068884203D02E492068884250
:1074000001D1012000E0002028B12068406C40F448
:1074100000402168486423492068884223D02068BE
:10742000B0F1804F1FD02449206888421BD02349E7
:107430002068884217D022492068884213D01A4910
:10744000206888420FD01F49206888420BD0174916
:107450002068884207D01C492068884203D01B4915
:107460002068884210D120688068194900EA010725
:10747000062F0FD0B7F5803F0CD02068006840F091
:1074800001002168086005E02068006840F0010004
:10749000216808604846D9E64B980008B398000870
:1074A000F398000800000140000401400040014042
:1074B0000044014000480140000400400008004032
:1074C000000C00400018004000E0004000E40040D4
:1074D0000700010010B5044603492068884201D125
:1074E000FDF7A4F810BD0000000001407047014600
:1074F00000BF91F88400012801D1022070470120CB
:1075000081F8840000BF2420C1F888000868026860
:107510000868006820F001000B68186022F0005233
:1075200000204866086802602020C1F8880000BF7B
:10753000002081F8840000BF00BFDFE7704770477C
:1075400070B504460D4600BF94F88400012801D1AF
:10755000022070BD012084F8840000BF2420C4F8FC
:107560008800206806682068006820F00100216813
:1075700008602068806820F0606028432168886087
:10758000204602F01BFC206806602020C4F888001A
:1075900000BF002084F8840000BF00BFD9E770B5A9
:1075A00004460D4600BF94F88400012801D1022052
:1075B00070BD012084F8840000BF2420C4F8880036
:1075C000206806682068006820F0010021680860D3
:1075D0002068806820F06040284321688860204649
:1075E00002F0ECFB206806602020C4F8880000BF91
:1075F000002084F8840000BF00BFD9E770477047BF
:1076000010B50446204600F071F800F0010018B1F2
:107610000120216808621CE0204600F067F800F0B5
:10762000020018B104202168086212E0204600F030
:107630005DF800F0040018B102202168086208E03B
:10764000204600F053F800F0080010B1082021682F
:10765000086217492068884204D10122154916485A
:1076600000F046FE15492068884204D101221449E1
:10767000144800F03DFE14492068884204D10122DC
:107680001249134800F034FE12492068884204D1A0
:1076900001221149114800F02BFE1149206888424F
:1076A00004D101220F49104800F022FE10BD000055
:1076B00000100140C1B70024180800240048004011
:1076C000DDB70024AC080024004C0040F9B70024CA
:1076D0005C0600240078004015B80024F006002461
:1076E000007C004031B80024840700240146D1F812
:1076F000900070472DE9F04704462068C56920686E
:1077000006682068876840F60F0005EA0009B9F1AD
:10771000000F0FD105F0200060B106F0200010B975
:1077200007F0805030B1606F10B12046616F88471C
:10773000BDE8F087B9F1000F7ED0F848384018B99D
:10774000F74830400028F7D005F0010058B106F4A2
:10775000807040B1012021680862D4F8900040F0A8
:107760000100C4F8900005F0020058B107F00100D4
:1077700040B1022021680862D4F8900040F0040073
:10778000C4F8900005F0040058B107F0010040B1C2
:10779000042021680862D4F8900040F00200C4F888
:1077A000900005F0080070B106F0200010B9DB4829
:1077B000384040B1082021680862D4F8900040F0B9
:1077C0000800C4F8900005F4006060B106F0806025
:1077D00048B14FF4006021680862D4F8900040F08E
:1077E0002000C4F89000D4F89000002852D005F092
:1077F000200050B106F0200010B907F0805020B1F1
:10780000606F10B12046616F8847D4F890A020685F
:10781000806800F04000402802D00AF0280070B3D1
:10782000204602F053FC2068806800F040004028A9
:1078300026D100BF00BF00E02DE02168083151E8EB
:10784000001F21F040002168083141E80002002AB1
:10785000F1D100BFD4F8800068B1B248D4F88010EC
:107860000865D4F88000FAF79DFB98B1D4F8800041
:10787000016D88470EE02046FFF7C2FE0AE003E0F4
:107880002046FFF7BDFE05E02046FFF7B9FE0020C9
:10789000C4F890004CE7E06E01287DD105F010009F
:1078A000002879D006F010000028FAD010202168B6
:1078B00008622068806800F0400040286DD1D4F84C
:1078C00080000068984988426BD0D4F88000006836
:1078D00095491831884264D0D4F8800000689249F4
:1078E000303188425DD0D4F8800000688E4948313C
:1078F000884256D0D4F8800000688B4960318842B5
:107900004FD0D4F88000006887497831884248D049
:10791000D4F88000006884499031884241D0D4F87E
:10792000800000688049A83188423AD0D4F88000AD
:1079300000687E49884234D0D4F8800000687B49D2
:10794000183188422DD0D4F8800000687749303152
:10795000884226D0D4F880000068744948318842B3
:107960001FD0D4F88000006870496031884218D078
:10797000D4F8800000686D497831884211D0D4F87D
:10798000800000686949903188420AD0D4F88000AC
:1079900000686649A83102E0CAE07BE001E0884265
:1079A00004D1D4F880000068406803E0D4F8800077
:1079B000006840681FFA80F8B8F1000F58D0B4F89A
:1079C0005C00404554DDA4F85E80D4F88000C069B6
:1079D000B0F5807F40D000BF00BF216851E8001F94
:1079E00021F48070226842E800010029F5D100BF2F
:1079F00000BF00BF2168083151E8001F21F00100DD
:107A00002168083141E80002002AF3D100BF00BF1D
:107A100000BF2168083151E8001F21F040002168B3
:107A2000083141E80002002AF3D100BF2020C4F849
:107A30008C000020E06600BF00BF216851E8001FF5
:107A400021F01000226842E800010029F5D100BFB2
:107A5000D4F88000FAF738F802202067B4F85C0008
:107A6000B4F85E20801A81B22046FFF767FD10E06F
:107A7000B4F85C0040450CD1D4F88000C069B0F582
:107A8000807F06D102202067B4F85C102046FFF703
:107A900055FD4DE634F85C0F6188401A1FFA80F8F6
:107AA00060885C3CC8B3B8F1000F36D000BF00BF9F
:107AB000216851E8001F21F49070226842E800011B
:107AC0000029F5D100BF00BF00BF2168083151E88F
:107AD000001F124AD24301EA02002168083141E83E
:107AE0000002002AF1D100BF2020C4F88C00002041
:107AF000E066606700BF00BF216851E8001F21F009
:107B00001000226842E800010029F5D100BF0220E0
:107B1000206741462046FFF711FD09E601000010ED
:107B200020010004F79F00081000024010040240EA
:107B300005F4801050B107F4800038B14FF4801084
:107B4000216808622046FFF75AFDF1E505F0800044
:107B500058B106F0800010B907F4000028B1A06FFA
:107B600010B12046A16F8847E2E505F0400030B132
:107B700006F0400018B1204602F0DEFAD8E505F420
:107B8000000030B106F0804018B12046FFF736FD06
:107B9000CEE505F0807030B106F0004018B1204607
:107BA000FFF7CDFCC4E500BFC2E5000010B50446F8
:107BB0001B492068884206D110201A4909680862CA
:107BC000194804F063FB19492068884206D1102047
:107BD000174909680862174804F058FB16492068DD
:107BE000884206D11020154909680862144804F03B
:107BF0004DFB14492068884206D1102012490968BB
:107C00000862124804F042FB11492068884206D1FC
:107C100010201049096808620F4804F037FB10BDB6
:107C20000010014018080024C0B70024004800409C
:107C3000AC080024DCB70024004C00405C060024A3
:107C4000F8B7002400780040F006002414B800249F
:107C5000007C00408407002430B8002410B504469E
:107C60000CB9012010BDA06900B100E000BFD4F83C
:107C7000880028B9002084F88400204600F02AF803
:107C80002420C4F888002068006820F001002168E2
:107C90000860A06A10B1204602F0BCF8204602F04D
:107CA00085FD012800D1DDE72068406820F4904080
:107CB000216848602068806820F02A002168886078
:107CC0002068006840F0010021680860204602F04A
:107CD0001DF9C7E710B5B6B00446142130A8F8F76F
:107CE000E8FDB82102A8F8F7E4FDFE4920688842C3
:107CF0007ED102210020CDE902101F9002A8FDF7DD
:107D00002DF808B1F9F703FD00BFF748006840F40B
:107D10000020F54908600846006800F40020019042
:107D200000BF00BF00BFF0480838006840F0010005
:107D3000ED49083908600846006800F0010001902C
:107D400000BF00BF00BF0846006840F008000860A0
:107D50000846006800F00800019000BF00BF012045
:107D60003090022031900020329003203390082080
:107D7000349030A9DD48FCF755FB012030900220FB
:107D8000319000203290032033900820349030A9A5
:107D9000D748FCF747FBD748D74908603F204860E1
:107DA0000021D5488160C1604FF4806101610021EC
:107DB000416181614FF48071C1614FF440310162D2
:107DC00000214162FBF736F808B1F9F7A0FC00BFCB
:107DD000C948C4F88000846300BFC6481830C7494A
:107DE0000860402048604021C4488160002100E0D4
:107DF0001FE0C1604FF48061016100214161816138
:107E0000C1614FF44031016200214162FBF712F879
:107E100008B1F9F77CFC00BFB848E067846300BF95
:107E2000002205213420FCF7B3FC3420FCF79CFC35
:107E30004AE2B349206888427ED102210020CDE980
:107E400002101F9002A8FCF789FF08B1F9F75FFC48
:107E500000BFA548006840F08040A349086008467C
:107E6000006800F08040019000BF00BF00BF9E4846
:107E70000838006840F010009B490839086008463F
:107E8000006800F01000019000BF00BF4FF4C07008
:107E90003090022031900020329003203390072050
:107EA000349030A99748FCF7BDFA92483030964993
:107EB00008604F204860002193488160C1604FF402
:107EC000806101610021416181614FF48071C16174
:107ED0004FF44031016200214162FAF7ABFF08B173
:107EE000F9F715FC00BF8848C4F88000846300BF20
:107EF00080484830854908605020486040218348C8
:107F000081600021C1604FF4806101610021416105
:107F10008161C1614FF44031016200214162FAF791
:107F200089FF08B1F9F7F3FB00BF7848E067846385
:107F300000BF0022052100E006E05220FCF728FCEB
:107F40005220FCF711FCBFE17149206888427DD1C5
:107F500002210020CDE902101F9002A8FCF7FEFECE
:107F600008B1F9F7D4FB00BF5F48006840F000405B
:107F70005D4908600846006800F00040019000BFBD
:107F800000BF00BF58480838006840F0100056494C
:107F9000083908600846006800F01000019000BF32
:107FA00000BF032030900220319000203290032047
:107FB00033900820349030A95248FCF733FA4D48EA
:107FC0007830544908605120486000215148816050
:107FD000C1604FF4806101610021416181614FF412
:107FE0008071C1614FF44031016200214162FAF7B2
:107FF00021FF08B1F9F78BFB00BF4648C4F88000A9
:10800000846300BF444845490860522048604021CD
:10801000424881600021C1604FF48061016100210C
:1080200041618161C1614FF44031016200214162CF
:10803000FAF700FF08B1F9F76AFB00BF3748E067BD
:10804000846300BF00220621532000E005E0FCF716
:108050009FFB5320FCF788FB36E1314920688842BA
:108060007DD101200021CDE902010020209002A84D
:10807000FCF774FE08B1F9F74AFB00BF1A48083054
:10808000006840F010001849083108600846006890
:1080900000F01000019000BF00BF00BF1248083878
:1080A000006840F00100104908390860084600687F
:1080B00000F00100019000BF00BF4FF4C06030909D
:1080C000022031900020329003203390072034901A
:1080D00030A90648FCF7A6F906483038114908606F
:1080E000292021E0004C0040E844025800000258DA
:1080F000000C02584000024040090024B809002446
:108100000078004000100258300A0024A80A002419
:10811000007C0040200B002410040240980B002437
:1081200000100140100C0024486000216748816065
:10813000C1604FF4806101610021416181614FF4B0
:108140008071C1614FF44031016200214162FAF750
:1081500071FE08B1F9F7DBFA00BF5C4800E02CE0E3
:10816000C4F88000846300BF59485A4908602A2037
:1081700048604021574881600021C1604FF4806110
:108180000161002141618161C1614FF440310162AF
:1081900000214162FAF74EFE08B1F9F7B8FA00BFC4
:1081A0004C48E067846300BF002209212520FCF7CA
:1081B000EFFA2520FCF7D8FA86E047492068884284
:1081C000FAD102210020CDE902101F9002A8FCF78D
:1081D000C5FD08B1F9F79BFA00BF4048006840F4BC
:1081E00080203E4908600846006800F48020019025
:1081F00000BF00BF00BF39480838006840F00800E1
:108200003649083908600846006800F00800019007
:1082100000BF00BF4FF4407030900220319000202A
:108220003290032033900720349030A92C48FCF77B
:10823000F9F82C482C4908602D20486000212A4874
:108240008160C1604FF48061016100214161816101
:108250004FF48071C1614FF44031016200214162ED
:10826000FAF7E8FD08B1F9F752FA00BF1E48C4F862
:108270008000846300BF1B4818301C4908602E2012
:1082800048604021194881600021C1604FF480613D
:108290000161002141618161C1614FF4403101629E
:1082A00000214162FAF7C6FD08B1F9F730FA00BFC4
:1082B0000E48E067846300BF002205212720FCF7F9
:1082C00067FA2720FCF750FA36B010BD100C0024D6
:1082D00028000240880C002400480040E84402586E
:1082E000000C025828040240000D0024780D0024E0
:1082F00070B504460D461646D4F88C00202821D1CE
:1083000005B10EB9012070BD0020E0660E4920685D
:10831000884211D02068406800F4000060B100BFBE
:1083200000BF216851E8001F41F08060226842E8E8
:1083300000010029F5D100BF32462946204602F04F
:1083400049FDE0E70220DEE7000C005810B50446C6
:1083500023492068884209D12248417803F09EFFD2
:1083600001222049491C2048FFF7C2FF1F4920680D
:10837000884209D11E48417803F090FF01221C4930
:10838000491C1C48FFF7B4FF1B492068884209D1EB
:108390001A48417803F082FF01221849491C184805
:1083A000FFF7A6FF17492068884209D1164841788F
:1083B00003F074FF01221449491C1448FFF798FF89
:1083C00013492068884209D11248417803F066FFBA
:1083D00001221049491C1048FFF78AFF10BD000018
:1083E00000100140C0B700241808002400480040D5
:1083F000DCB70024AC080024004C0040F8B700248F
:108400005C0600240078004014B80024F006002424
:10841000007C004030B800248407002470B5044676
:108420000E461546D4F8880020283FD106B10DB974
:10843000012070BD44F8506FA580E58000202064C5
:108440002120A063E06A503CE0B11948E16FC863A5
:108450001848E16F08641848E16FC8640020E16FB4
:108460000865236803F128022B46216DE06FFAF7B7
:108470006BFF38B11020C4F890002020C4F88800A9
:108480000120D6E740202168086200BF00BF2168B4
:10849000083151E8001F41F080002168083141E8AF
:1084A0000002002AF3D100BF0020C2E70220C0E78B
:1084B00069A00008BDA000080BA000087047704725
:1084C00000BFFEE708B500BF3948006840F0010072
:1084D000374908600846006800F00100009000BFBE
:1084E00000BF00BF0846006840F002000860084670
:1084F000006800F00200009000BF00BF00220521CC
:108500000B20FCF745F90B20FCF72EF90022052182
:108510000C20FCF73DF90C20FCF726F90022052180
:108520000D20FCF735F90D20FCF71EF9002205217E
:108530000E20FCF72DF90E20FCF716F9002205217C
:108540000F20FCF725F90F20FCF70EF9002205217A
:108550001020FCF71DF91020FCF706F90022052178
:108560001120FCF715F91120FCF7FEF80022052177
:108570002F20FCF70DF92F20FCF7F6F8002205213B
:108580003820FCF705F93820FCF7EEF80022052129
:108590003920FCF7FDF83920FCF7E6F80022052128
:1085A0003A20FCF7F5F83A20FCF7DEF808BD0000A9
:1085B000D844025800B589B02848294908600020ED
:1085C000886000212648C1600174417481740A21C9
:1085D0004161012181610721C16102210162012103
:1085E00041628162C1620163002141638163C163B1
:1085F0001021016404214164002181640421C164CB
:10860000002101650421416500218165C1650821C2
:1086100001660021416604218166FBF75FFC08B119
:10862000F9F775F8002001900290022003900120D4
:10863000049000200590069001A90948FBF711F964
:1086400008B1F9F764F80648FBF7C7FE00220121DC
:108650000348FBF769F809B000BD000000A0004026
:108660002003002400B589B028482949086000206B
:10867000886000212648C1600174417481740A2118
:108680004161012181610721C16102210162012152
:1086900041628162C1620163B4214163002181634F
:1086A000C16310210164042141640021816404211B
:1086B000C164002101650421416500218165C16516
:1086C000082101660021416604218166FBF706FC52
:1086D00008B1F9F71CF800200190029002200390E5
:1086E0000120049000200590069001A90848FBF79E
:1086F000B8F808B1F9F70BF80548FBF76EFE002251
:1087000001210348FBF710F809B000BD00A40040A8
:10871000C003002400B589B029482A490860002018
:10872000886000212748C1600174417481740A2166
:108730004161012181610721C161022101620121A1
:1087400041628162C16201634FF4E17141630021C2
:108750008163C163102101640421416400218164AB
:108760000421C16400210165042141650021816566
:10877000C165082101660021416604218166FBF77D
:10878000ADFB08B1F8F7C3FF002001900290022072
:1087900003900120049000200590069001A909484B
:1087A000FBF75FF808B1F8F7B2FF0648FBF715FED4
:1087B000002201210348FAF7B7FF09B000BD00000D
:1087C00000D400406004002410B5002208210846AF
:1087D0000AF00CFD474908600022082108460AF00B
:1087E00005FD454908600022082108460AF0FEFC04
:1087F000424908600022082108460AF0F7FC404977
:1088000008600022082104200AF0F0FC3D490860BD
:108810000022082102200AF0E9FC3B4908600022FE
:10882000082102200AF0E2FC38490860384A002199
:10883000384809F0A1FA38490860384A0021384818
:1088400009F09AFA37490860374A0021374809F099
:1088500093FA37490860374A0021374809F08CFA03
:1088600036490860364A0021364809F085FA36490B
:108870000860364A0021364809F07EFA354908601A
:10888000354A0021354809F077FA35490860354AFC
:108890000021354809F070FA34490860344A002153
:1088A000344809F069FA34490860344A00213448F0
:1088B00009F062FA33490860334A0021334809F06D
:1088C0005BFA33490860334A0021334809F054FA0F
:1088D00032490860324A0021324809F04DFA3249E3
:1088E0000860324A0021324809F046FA31490860EE
:1088F00010BD0000380000243C000024400000248B
:1089000044000024480000244C00002450000024AF
:10891000743F01087D95000800000024983F01087D
:108920009594000804000024BC3F0108351A000893
:1089300008000024E03F0108A11A00080C000024F0
:10894000044001084D0E00081000002428400108D2
:10895000A58E0008140000244C400108C10C00083A
:108960001800002470400108F90C00081C000024C5
:1089700094400108D994000820000024B840010860
:10898000CD14000824000024DC400108310D00084B
:108990002800002400410108690D00082C00002473
:1089A00024410108DDAF00083000002448410108DF
:1089B000A19400083400002400B587B0142102A857
:1089C000F7F777FF00BF3848006840F010003649DD
:1089D00008600846006800F01000019000BF00BF6A
:1089E00000BF0846006840F0800008600846006844
:1089F00000F08000019000BF00BF00BF0846006883
:108A000040F0010008600846006800F00100019095
:108A100000BF00BF00BF0846006840F008000860C3
:108A20000846006800F00800019000BF00BF00BFCA
:108A30000846006840F0040008600846006800F03E
:108A40000400019000BF00BF00BF0846006840F06E
:108A5000020008600846006800F00200019000BFB4
:108A600000BF00227C211148FBF7D4FD0022082121
:108A70000F48FBF7CFFD7C200290012003900020DF
:108A80000490059002A90948FBF7CCFC082002904D
:108A90000120039000200490059002A90448FBF7F0
:108AA000C1FC07B000BD0000E044025800100258AD
:108AB000000C025800B587B0002003900490059088
:108AC00006900090019002904FF080401549086098
:108AD00000204860002113488160D121C16000213D
:108AE00001618161FDF7E8FE08B1F8F710FE4FF46F
:108AF0008050039003A90B48FEF708F808B1F8F777
:108B000006FE00200090029069460648FDF762FECE
:108B100008B1F8F7FCFD00210248FEF7B5FA07B0EE
:108B200000BD00000005002400B58FB000200B90B0
:108B30000C900D900E90089009900A901C2101A8AD
:108B4000F7F7B7FE1F482049086000204860002161
:108B50001D48816040F25711C160002101618161AF
:108B6000FDF7AAFE08B1F8F7D2FD4FF480500B9044
:108B70000BA91548FDF7CAFF08B1F8F7C8FD124860
:108B8000FEF747FA08B1F8F7C2FD002008900A90F6
:108B900008A90D48FDF71EFE08B1F8F7B8FD6020E2
:108BA00001900020029003900590002201A9064840
:108BB000FEF777F908B1F8F7AAFD0348FEF70EF9BA
:108BC0000FB000BD000400404C05002400B58FB07C
:108BD00000200B900C900D900E90089009900A9038
:108BE0001C2101A8F7F765FE24482549086043F6D3
:108BF0007460486000212248816040F25711C160D2
:108C0000002101618161FDF757FE08B1F8F77FFD92
:108C10004FF480500B900BA91948FDF777FF08B16E
:108C2000F8F775FD1648FEF7F4F908B1F8F76FFD8F
:108C3000002008900A9008A91148FDF7CBFD08B163
:108C4000F8F765FD602001900020029003900590E8
:108C5000082201A90A48FEF724F908B1F8F757FDE0
:108C60000C2201A90648FEF71CF908B1F8F74FFDE0
:108C70000348FEF7B3F80FB000BD00000008004045
:108C80009805002410B51748174908601748486030
:108C9000002115488160C16001610C214161002102
:108CA0008161C1610162416200200F49886208460A
:108CB000FEF7D4FF08B1F8F72AFD00210A48FEF7B5
:108CC0006EFC08B1F8F723FD00210748FEF738FCD9
:108CD00008B1F8F71CFD0448FEF709FC08B1F8F7E5
:108CE00016FD10BD004C00405C060024A08601006B
:108CF00010B51848184908604FF4E1304860002169
:108D000015488160C16001610C21416100218161D0
:108D1000C1610162416200200F4988620846FEF786
:108D20009DFF08B1F8F7F3FC00210B48FEF737FC74
:108D300008B1F8F7ECFC00210748FEF701FC08B188
:108D4000F8F7E5FC0448FEF7D2FB08B1F8F7DFFCC2
:108D500010BD000000780040F006002410B518484F
:108D6000184908604FF4E1304860002115488160DF
:108D7000C16001610C21416100218161C161016219
:108D8000416200200F4988620846FEF767FF08B17C
:108D9000F8F7BDFC00210B48FEF701FC08B1F8F71D
:108DA000B6FC00210748FEF7CBFB08B1F8F7AFFC93
:108DB0000448FEF79CFB08B1F8F7A9FC10BD0000C1
:108DC000007C00408407002410B51848184908604A
:108DD0004FF4E1204860002115488160C1600161C5
:108DE0000C21416100218161C16101624162002069
:108DF0000F4988620846FEF731FF08B1F8F787FC93
:108E000000210B48FEF7CBFB08B1F8F780FC0021EE
:108E10000748FEF795FB08B1F8F779FC0448FEF720
:108E200066FB08B1F8F773FC10BD000000100140AC
:108E30001808002410B51848184908604FF4E130AC
:108E40004860002115488160C16001610C214161C9
:108E500000218161C1610162416200200F49886285
:108E60000846FEF7FBFE08B1F8F751FC00210B485D
:108E7000FEF795FB08B1F8F74AFC00210748FEF71A
:108E80005FFB08B1F8F743FC0448FEF730FB08B17C
:108E9000F8F73DFC10BD000000480040AC0800247D
:108EA00000BFFEE7134806F0EDFD00BF4FF0FF32B4
:108EB0001149124800680AF0D5FB88B10E486038A5
:108EC00090F860100E4802F021FF0C210C4802F0CF
:108ED0001DFF0AF061FD04462146064808F012FC19
:108EE0000449D1F8E00000F099F90028DED009F03B
:108EF000DAFDDBE7586A0024586E002438000024AD
:108F0000D067002400BFFEE700B5AFB0B8216846C7
:108F1000F7F7CFFC4FF400410020CDE90010052009
:108F200002903C2103910221049103210591022129
:108F30000691802107910021089109914FF000507E
:108F40001B906846FBF70AFF08B1F8F7E0FB2FB06B
:108F500000BD00002DE9F04104460E4600275548AB
:108F6000006800F00300032802D10120BDE8F08171
:108F700050482838006820F080604E492839086041
:108F8000FBF74EFB054606E0FBF74AFB401B0228B9
:108F900001D90320EAE7474828380068C0F3C060D9
:108FA0000028F1D100BF4348006820F47C302168DC
:108FB00040EA01303F490860A088401EC0F3080025
:108FC000A168491E4FF47E4202EA41210843A1896B
:108FD000491ED20102EA01410843217C491E1202C6
:108FE00002EA0161084333491031086000BF31488B
:108FF000001D006820F0C000616908432D49091D6B
:1090000008600846006820F02000A169084329494B
:10901000091D08600846006820F010000860254817
:10902000143000684FF6F8718843E16940EAC100E6
:109030002049143108601F48001D006840F01000EE
:109040001C49091D08602EB90846006840F400203C
:10905000086012E0012E08D11648001D006840F497
:1090600080101449091D086007E01248001D0068BF
:1090700040F400100F49091D08600E4828380068A8
:1090800040F080600B4928390860FBF7C9FA0546B3
:1090900006E0FBF7C5FA401B022801D9032065E76B
:1090A000044828380068C0F3C0600028F1D0384672
:1090B0005CE70000284402582DE9F04104460E46C2
:1090C00000275548006800F00300032802D1012062
:1090D000BDE8F08150482838006820F080504E49A3
:1090E00028390860FBF79CFA054606E0FBF798FA7A
:1090F000401B022801D90320EAE7474828380068C6
:10910000C0F340700028F1D100BF4348006820F050
:109110007C70218840EA01503F490860A088401EC9
:10912000C0F30800A168491E4FF47E4202EA4121C3
:109130000843A189491ED20102EA01410843217C6A
:10914000491E120202EA01610843334918310860DE
:1091500000BF3148001D006820F440606169084389
:109160002D49091D08600846006820F40070A169B7
:1091700008432949091D08600846006820F48070EA
:10918000086025481C3000684FF6F8718843E16993
:1091900040EAC10020491C3108601F48001D0068DA
:1091A00040F480701C49091D08602EB9084600680B
:1091B00040F48000086012E0012E08D11648001D1E
:1091C000006840F400001449091D086007E01248D7
:1091D000001D006840F080700F49091D08600E48AE
:1091E0002838006840F080500B4928390860FBF7A8
:1091F00017FA054606E0FBF713FA401B022801D9CF
:10920000032065E7044828380068C0F34070002850
:10921000F1D038465CE700002844025810B50446F7
:10922000B4F9000002F008FDB0F52F7F00DD1FE06B
:10923000B4F9020002F000FDB0F52F7F00DD17E069
:10924000B4F9040002F0F8FCB0F52F7F00DD0FE068
:10925000B4F9060002F0F0FCB0F52F7F00DD07E066
:10926000A07A00B904E0E07A00B901E0002010BD66
:10927000002020806080A080E08020810220A072F9
:109280000221E1720020A081002104F10C00E181A3
:109290002182A174E1740020A0820120E7E7000090
:1092A00078490968096821F00101764A126811605D
:1092B00075490968754A914258D073490968734ADB
:1092C0001832914252D070490968704A3032914246
:1092D0004CD06D4909686D4A4832914246D06A497E
:1092E00009686A4A6032914240D067490968674A12
:1092F000783291423AD064490968644A9032914286
:1093000034D061490968614AA83291422ED05E4941
:1093100009685F4A914229D05B4909685C4A183262
:10932000914223D058490968594A303291421DD0A0
:1093300055490968564A4832914217D0524909683E
:10934000534A6032914211D04F490968504A7832ED
:1093500091420BD04C4909684D4A9032914205D058
:10936000494909684A4AA832914208D146490968E0
:10937000096821F00101444A1268116007E042497E
:109380000968096821F001013F4A126811603E49ED
:10939000096848603C4909683C4A914258D03A49BA
:1093A00009683A4A1832914252D037490968374A17
:1093B000303291424CD034490968344A48329142A3
:1093C00046D031490968314A6032914240D02E4935
:1093D00009682E4A783291423AD02B4909682B4AC3
:1093E0009032914234D028490968284AA8329142E3
:1093F0002ED025490968264A914229D02249096878
:10940000234A1832914223D01F490968204A30323A
:1094100091421DD01C4909681D4A4832914217D01B
:10942000194909681A4A6032914211D016490968EF
:10943000174A783291420BD013490968144A903286
:10944000914205D010490968114AA832914208D1C9
:109450000D490968096841F001010B4A1268116061
:1094600007E009490968096841F00101064A1268E4
:10947000116004490968096841F00101014A126854
:10948000116070475C06002440090024100002406F
:109490001004024000BF012008F018FCFBE70000A8
:1094A00000BF4FF0FF320949094800680AF0DAF8B6
:1094B0000028F6D00549091F4968481C02F0D4F974
:1094C0000A21044802F022FCEBE70000E40100243A
:1094D0004C000024D067002400BF4FF0FF321E492B
:1094E0001E4800680AF0BEF80028F6D01A48007836
:1094F000001F052827D2DFE800F0030A11181F001B
:109500001548174A4168174806F02AFA1CE0124825
:10951000154A4168134806F023FA15E00E48134A2D
:109520004168104806F01CFA0EE00B48104A4168EA
:109530000C4806F015FA07E007480E4A416809484A
:1095400006F00EFA00E000BF00BF034801780A48A9
:1095500002F0DCFBC1E70000D80100244800002431
:10956000C0B70024586A0024DCB70024F8B70024F0
:1095700014B8002430B80024D067002400BF0120B4
:1095800008F0A4FBFBE710B54FF0E02000690AF0FB
:10959000F3F9012801D009F00FFE10BD00B59DB010
:1095A0004C210AA8F7F785F9202102A8F7F781F9DD
:1095B0000220FBF761F900BF0020019023480068FA
:1095C00020F44040214908600846006800F440400B
:1095D000019000BF00BF00BF1C48006800F40050AD
:1095E000B0F5005FF8D101200A9000040B90022032
:1095F00013900221149115912C211691012117919C
:109600000221189119910C211A9100211B911C9192
:109610000AA8FCF72DFD08B1F8F779F83F20029071
:10962000032003900020049008200590402006901D
:1096300007900001089040200990032102A8FCF740
:10964000F1F908B1F8F763F81DB000BD18480258E9
:109650002F48006840F470002D4908602D480068CC
:1096600000F00F00072806D22A48006820F00F00FB
:10967000C01D284908602848006840F001002649BC
:1096800008600020244910310860234800682349FD
:109690000840214908601F48006800F00F000728B3
:1096A00006D91C48006820F00F00C01D1949086049
:1096B0000020194918310860091D0860091D08605B
:1096C00017481549283108601648091D08601648D2
:1096D000091D08600020091D08601348091D086065
:1096E0000020091D08601048091D08600020091DA0
:1096F00008600948006820F48020074908600020BD
:1097000005496031086043F2D2000849086070479B
:1097100088ED00E000200052004402587FEDF6EA98
:10972000000202020000FF0180020101004000521D
:1097300010B50248FDF786FA10BD0000F00D0024B8
:1097400010B502682E4B98420ED0B0F1804F0BD06E
:109750002C4B984208D02C4B984205D02B4B98426A
:1097600002D02B4B984203D122F070024B681A436F
:10977000234B98421DD0B0F1804F1AD0214B984214
:1097800017D0214B984214D0204B984211D0204B37
:1097900098420ED01F4B98420BD01F4B984208D0D6
:1097A0001E4B984205D01E4B984202D01D4B98424A
:1097B00003D122F44072CB681A4322F080034C6933
:1097C00043EA04028B68C3620B6883620C4B9842C5
:1097D0000BD00F4B984208D00E4B984205D00E4B41
:1097E000984202D00D4B984201D10B690363036884
:1097F00043F00403036001234361026010BD0000D5
:10980000000001400004004000080040000C00403F
:109810000004014000400140004401400048014074
:1098200000E0004000E4004030B501F01F050124D5
:1098300004FA05F3046A9C430462046A01F01F05FC
:1098400002FA05F52C43046230BD70B50546AC6BD9
:10985000606AA84207D101202077E86918BB01207F
:1098600084F83E001FE0A06AA84207D102202077BA
:10987000E869C0B901213F20015514E0E06AA8421F
:1098800007D104202077E86968B9012140200155FB
:1098900009E0206BA84206D108202077E86910B9BA
:1098A0000121412001552046FDF7EBFB00202077E8
:1098B00070BD70B50546AC6B606AA84202D101204C
:1098C000207710E0A06AA84202D1022020770AE0A7
:1098D000E06AA84202D10420207704E0206BA8426D
:1098E00001D1082020772046FDF7CCFB002020770F
:1098F00070BD70B50546AC6B606AA84204D101200A
:10990000207784F83E001DE0A06AA84205D102201D
:10991000207701213F20015514E0E06AA84205D1DB
:10992000042020770121402001550BE0206BA84244
:1099300005D10820207701214120015502E00120B6
:1099400084F83D002046FDF77BF90020207770BDAC
:1099500030B50C46816821F47F4142EA0325254356
:109960002943816030BD00000A468168034B1940DD
:1099700042F0070319438160704700008FFFCFFF5B
:1099800030B5026A056A25F00105056243688469FD
:10999000204D2C4024F003040D682C4322F00202D9
:1099A0008D682A431C4DA84200D10FE01B4DA842F0
:1099B00000D10BE01A4DA84200D107E0194DA84292
:1099C00000D103E0184DA84206D100BF22F00802E2
:1099D000CD682A4322F004020F4DA8420BD00F4D50
:1099E000A84208D00E4DA84205D00E4DA84202D084
:1099F0000D4DA84207D123F4807323F400734D6901
:109A00002B438D692B43436084614D68456302623B
:109A100030BD00008FFFFEFF000001400004014048
:109A200000400140004401400048014030B5026A56
:109A3000056A25F01005056243688469224D2C40B3
:109A400024F440740D6844EA052422F020028D6855
:109A500042EA05121D4DA84200D10FE01C4DA8425C
:109A600000D10BE01B4DA84200D100BF1A4DA84207
:109A700000D100BF194DA84207D106E022F08002B4
:109A8000CD6842EA051222F04002104DA8420BD0E8
:109A90000F4DA84208D00F4DA84205D00E4DA84248
:109AA00002D00E4DA84209D123F4806323F4006351
:109AB0004D6943EA85038D6943EA85034360846108
:109AC0004D688563026230BDFF8FFFFE00000140DC
:109AD00000040140004001400044014000480140B2
:109AE00030B5026A056A25F4807505624368C46969
:109AF000224D2C4024F003040D682C4322F4007204
:109B00008D6842EA05221E4DA84200D10FE01D4D8E
:109B1000A84200D10BE01C4DA84200D100BF1B4D54
:109B2000A84200D100BF1A4DA84207D106E022F496
:109B30000062CD6842EA052222F48062104DA842FC
:109B40000BD0104DA84208D00F4DA84205D00F4DA4
:109B5000A84202D00E4DA84209D123F4805323F429
:109B600000534D6943EA05138D6943EA05134360C9
:109B7000C4614D68C563026230BD00008FFFFEFF07
:109B80000000014000040140004001400044014049
:109B90000048014030B5036A056A25F48055056226
:109BA0004468C269124D2A4022F440720D6842EAAC
:109BB000052223F400538D6843EA05330D4DA84276
:109BC0000BD00D4DA84208D00C4DA84205D00C4D2D
:109BD000A84202D00B4DA84204D124F480444D6920
:109BE00044EA85144460C2614D680564036230BD77
:109BF000FF8FFFFE000001400004014000400140D3
:109C0000004401400048014030B5026A056A25F46D
:109C1000803505624368446D114D2C400D682C431E
:109C200022F400320D8942EA05420E4DA8420BD0C3
:109C30000D4DA84208D00D4DA84205D00C4DA842AC
:109C400002D00C4DA84204D123F480334D6943EA7D
:109C50000523436044654D688565026230BD0000A0
:109C60008FFFFEFF00000140000401400040014062
:109C7000004401400048014030B5026A056A25F4FD
:109C8000801505624368446D114D2C400D6844EA0F
:109C9000052422F400120D8942EA05520D4DA84216
:109CA0000BD00D4DA84208D00C4DA84205D00C4D4C
:109CB000A84202D00B4DA84204D123F480234D6961
:109CC00043EA8523436044654D68C565026230BD43
:109CD000FF8FFFFE000001400004014000400140F2
:109CE000004401400048014030B50B461446026A6A
:109CF000056A25F001050562816921F0F00141EA5C
:109D0000041122F00A021A438161026230BD30B5AB
:109D10000B461446026A056A25F010050562816942
:109D200021F4704141EA043122F0A00242EA031218
:109D30008161026230BD000010B50948FDF7DAFC10
:109D400007480068C06900F0100040B1044800688E
:109D5000006800F0100010B10148FDF727FF10BDAA
:109D60005C06002410B50948FDF7C4FC07480068EC
:109D7000C06900F0100040B104480068006800F0BD
:109D8000100010B10148FDF711FF10BDF0060024CE
:109D900010B50948FDF7AEFC07480068C06900F03F
:109DA000100040B104480068006800F0100010B1D5
:109DB0000148FDF7FBFE10BD8407002470B5456E19
:109DC0002DB90125A0F86A50A0F868501CE01023B6
:109DD00010240568AD68C5F342610568AD686A0F77
:109DE0000A4DAD5C15FB04F5094EB65C95FBF6F526
:109DF000A0F86A50054D6D5C15FB03F5044E765CCA
:109E000095FBF6F5A0F8685070BD0000E841010828
:109E1000F041010890F8281001F00801082907D145
:109E20000168496821F40041826B11430268516066
:109E300090F8281001F0010139B10168496821F456
:109E40000031C26A11430268516090F8281001F095
:109E50000201022907D10168496821F48031026BAF
:109E600011430268516090F8281001F004010429A0
:109E700007D10168496821F48021426B11430268CF
:109E8000516090F8281001F01001102907D10168E5
:109E9000896821F48051C26B11430268916090F887
:109EA000281001F02001202907D10168896821F4D8
:109EB0000051026C11430268916090F8281001F083
:109EC0004001402913D10168496821F48011426C96
:109ED000114302685160416CB1F5801F07D10168E0
:109EE000496821F4C001826C11430268516090F806
:109EF000281001F08001802907D10168496821F408
:109F00000021C26C114302685160704738B50446A5
:109F10000020C4F89000FAF783FB0546206800682B
:109F200000F00800082821D16FF07E402B46002267
:109F30004FF400110090204600F0FAFFB0B100BFCE
:109F400000BF216851E8001F21F08000226842E82C
:109F500000010029F5D100BF2020C4F8880000BF0F
:109F6000002084F8840000BF032038BD206800680A
:109F700000F00400042830D16FF07E402B46002210
:109F80004FF480010090204600F0D2FF28B300BFBC
:109F900000BF216851E8001F21F49070226842E858
:109FA00000010029F5D100BF00BF00BF21680831C2
:109FB00051E8001F21F001002168083141E800024A
:109FC000002AF3D100BF2020C4F88C0000BF00207D
:109FD00084F8840000BF0320C7E72020C4F888006D
:109FE000C4F88C000020E066206700BF84F884007D
:109FF00000BF00BFB9E770B50446A56B0020A5F807
:10A000005E002846FDF7FCFA70BD2DE9F0410546DB
:10A01000AC6BD4F88860D4F88C702068806800F04D
:10A020008000802807D1212E05D10020A4F85600F9
:10A03000204600F099F82068806800F04000402831
:10A0400007D1222F05D10020A4F85E00204600F0A1
:10A050003DF8D4F8900040F01000C4F8900020467D
:10A06000FDF7CEFABDE8F08170B50546AC6BE86946
:10A07000B0F5807F1ED00020A4F8560000BF00BFBE
:10A080002168083151E8001F21F080002168083163
:10A0900041E80002002AF3D100BF00BF00BF2168E1
:10A0A00051E8001F41F04000226842E80001002909
:10A0B000F5D102E02046FEF701FA70BD70B5044606
:10A0C000A56B2846FEF7FBF970BD000000BF00BF7E
:10A0D000026852E8002F22F49071036843E80012EE
:10A0E000002AF5D100BF00BF00BF0268083252E865
:10A0F000002F104B02EA03010268083242E8001305
:10A10000002BF2D100BFC16E01290CD100BF00BFEE
:10A11000026852E8002F22F01001036843E80012A1
:10A12000002AF5D100BF2021C0F88C100021C166A3
:10A1300041677047FEFFFFEF10B5044600BF00BF48
:10A14000216851E8001F21F04000226842E8000128
:10A150000029F5D100BF2020C4F888000020A067A6
:10A160002046FEF7ABF910BD00BF00BF026852E801
:10A17000002F22F0C001036843E80012002AF5D145
:10A1800000BF00BF00BF0268083252E8002F22F46F
:10A1900000010268083242E80013002BF3D100BF2F
:10A1A0002021C0F8881070472DE9F0410446B4F82A
:10A1B0006070D4F88C0022286ED12068406A86B284
:10A1C000A56D06EA07002880A06D801CA065B4F884
:10A1D0005E00401EA4F85E00B4F85E00002861D165
:10A1E00000BF00BF216851E8001F21F49070226871
:10A1F00042E800010029F5D100BF00BF00BF21687F
:10A20000083151E8001F21F001002168083141E8C0
:10A210000002002AF3D100BF2020C4F88C000020E7
:10A220006067206720492068884211D02068406814
:10A2300000F4000060B100BF00BF216851E8001FBA
:10A2400021F08060226842E800010029F5D100BFBA
:10A25000E06E01281CD10020E06600BF00BF21682D
:10A2600051E8001F21F01000226842E80001002997
:10A27000F5D100BF2068C069C0F3001010B11020F4
:10A2800021680862B4F85C102046FDF757F909E030
:10A290002046FEF75BF805E02068806940F0080082
:10A2A00021688861BDE8F081000C00582DE9F84F65
:10A2B0000446B4F860B02068C56920680068009062
:10A2C0002068D0F808A0D4F88C0022287ED1B4F8F9
:10A2D0006890AEE02068406A1FFA80F8A76D08EA2F
:10A2E0000B003880A06D801CA065B4F85E00401E95
:10A2F000A4F85E002068C56905F00700B0B305F05A
:10A30000010060B1009800F4807040B10120216824
:10A310000862D4F8900040F00100C4F8900005F005
:10A32000020058B10AF0010040B102202168086221
:10A33000D4F8900040F00400C4F8900005F0040048
:10A3400058B10AF0010040B1042021680862D4F835
:10A35000900040F00200C4F89000D4F8900028B1BA
:10A360002046FDF74DF90020C4F89000B4F85E00D7
:10A3700000285ED100BF00BF216851E8001F21F412
:10A380008070226842E800010029F5D100BF00BFBB
:10A3900000BF2168083151E8001F414A01EA02006C
:10A3A0002168083141E80002002AF2D100BF2020D4
:10A3B000C4F88C000020606720673A492068884212
:10A3C00013D02068406800F4000000E05FE060B156
:10A3D00000BF00BF216851E8001F21F080602268A3
:10A3E00042E800010029F5D100BFE06E01281CD130
:10A3F0000020E06600BF00BF216851E8001F21F087
:10A400001000226842E800010029F5D100BF206851
:10A41000C069C0F3001010B1102021680862B4F8C0
:10A420005C102046FDF78AF802E02046FDF78EFF1B
:10A4300007E0B9F1000F04D005F0200000287FF4F8
:10A4400049AF00BFB4F85E6006B3B4F86800B0422C
:10A4500023DD00BF00BF2168083151E8001F21F053
:10A4600080502168083141E80002002AF3D100BF82
:10A470000D48606700BF00BF216851E8001F41F030
:10A480002000226842E800010029F5D105E020689B
:10A49000806940F0080021688861BDE8F88F0000FD
:10A4A000FEFFFFEF000C0058A9A1000870B504469C
:10A4B000B4F86060D4F88C0022286FD12068406A1C
:10A4C00085B2F0B22840A16D0870A06D401CA06557
:10A4D000B4F85E00401EA4F85E00B4F85E000028E8
:10A4E00062D100BF00BF216851E8001F21F49070C5
:10A4F000226842E800010029F5D100BF00BF00BF7B
:10A500002168083151E8001F21F00100216808315D
:10A5100041E80002002AF3D100BF2020C4F88C00DB
:10A5200000206067206721492068884211D0206898
:10A53000406800F4000060B100BF00BF216851E82E
:10A54000001F21F08060226842E800010029F5D157
:10A5500000BFE06E01281CD10020E06600BF00BFF4
:10A56000216851E8001F21F01000226842E8000134
:10A570000029F5D100BF2068C069C0F3001010B1F8
:10A58000102021680862B4F85C102046FCF7D6FF62
:10A590000AE02046FDF7DAFE06E0FFE72068806962
:10A5A00040F008002168886170BD0000000C005870
:10A5B0002DE9F05F0446B4F860A02068C569206802
:10A5C000D0F800B02068D0F80890D4F88C00222889
:10A5D0007ED1B4F86880ADE02068406A87B20AF0A6
:10A5E000FF003840A16D0870A06D401CA065B4F854
:10A5F0005E00401EA4F85E002068C56905F00700F3
:10A60000A8B305F0010058B10BF4807040B10120EF
:10A6100021680862D4F8900040F00100C4F890006E
:10A6200005F0020058B109F0010040B10220216894
:10A630000862D4F8900040F00400C4F8900005F0DF
:10A64000040058B109F0010040B1042021680862FB
:10A65000D4F8900040F00200C4F89000D4F89000C4
:10A6600028B12046FCF7CCFF0020C4F89000B4F8D5
:10A670005E0000285ED100BF00BF216851E8001FC6
:10A6800021F48070226842E800010029F5D100BF62
:10A6900000BF00BF2168083151E8001F404A01EAAD
:10A6A00002002168083141E80002002AF2D100BF0F
:10A6B0002020C4F88C00002060672067394920689A
:10A6C000884213D02068406800F4000070B100E0B8
:10A6D0005EE000BF00BF216851E8001F21F08060EC
:10A6E000226842E800010029F5D100BFE06E012890
:10A6F0001CD10020E06600BF00BF216851E8001FA8
:10A7000021F01000226842E800010029F5D100BFC5
:10A710002068C069C0F3001010B1102021680862E1
:10A72000B4F85C102046FCF709FF02E02046FDF774
:10A730000DFE07E0B8F1000F04D005F0200000285E
:10A740007FF44AAF00BFB4F85E6006B3B4F86800A7
:10A75000B04223DD00BF00BF2168083151E8001F6F
:10A7600021F080502168083141E80002002AF3D12D
:10A7700000BF0D48606700BF00BF216851E8001F9F
:10A7800041F02000226842E800010029F5D105E0EF
:10A790002068806940F0080021688861BDE8F09F6A
:10A7A000FEFFFFEF000C0058ADA400082DE9F04FAC
:10A7B00089B0054600200890F8492868884200D1F1
:10A7C00000E000BF2969A868084369690843E9698E
:10A7D00040EA010828680068F149084040EA08009A
:10A7E000296808602868406820F44050E9680843F8
:10A7F00029684860D5F81880E8492868884202D05E
:10A80000286A40EA080828688068E649084040EA63
:10A810000800296888602868C06A20F00F00696A0B
:10A8200008432968C86200BFDF492868884220D1F0
:10A83000DE48006800F03800182811D005DC48B167
:10A84000082809D0102811D108E020280AD028288B
:10A850000CD109E001240BE0042409E0082407E0FE
:10A86000102405E0202403E0402401E0802400BF00
:10A8700042E1CF492868884219D1CC48006800F0ED
:10A880000700062810D2DFE800F0030507090B0DCA
:10A8900000240BE0042409E0082407E0102405E06C
:10A8A000202403E0402401E0802400BF24E1C149CA
:10A8B0002868884219D1BD48006800F007000628C2
:10A8C00010D2DFE800F0030507090B0D00240BE0B0
:10A8D000042409E0082407E0102405E0202403E014
:10A8E000402401E0802400BF06E1B3492868884283
:10A8F00019D1AE48006800F00700062810D2DFE842
:10A9000000F0030507090B0D00240BE0042409E007
:10A91000082407E0102405E0202403E0402401E09F
:10A92000802400BFE8E0A5492868884219D19F48E3
:10A93000006800F00700062810D2DFE800F00305E9
:10A9400007090B0D00240BE0042409E0082407E0AC
:10A95000102405E0202403E0402401E0802400BF0F
:10A96000CAE097492868884220D19048006800F0E2
:10A970003800182811D005DC48B1082809D0102863
:10A9800011D108E020280AD028280CD109E00124A0
:10A990000BE0042409E0082407E0102405E020244B
:10A9A00003E0402401E0802400BFA5E08549286839
:10A9B000884219D17D48006800F00700062810D2AF
:10A9C000DFE800F0030507090B0D00240BE0042469
:10A9D00009E0082407E0102405E0202403E04024D7
:10A9E00001E0802400BF87E077492868884219D1B8
:10A9F0006E48006800F00700062810D2DFE800F07B
:10AA0000030507090B0D00240BE0042409E00824CA
:10AA100007E0102405E0202403E0402401E0802426
:10AA200000BF69E069492868884220D15F48006812
:10AA300000F03800182811D005DC48B1082809D0EA
:10AA4000102811D108E020280AD028280CD109E0CC
:10AA500001240BE0042409E0082407E0102405E0A9
:10AA6000202403E0402401E0802400BF44E0584952
:10AA70002868884220D14D48006800F03800182826
:10AA800011D005DC48B1082809D0102811D108E000
:10AA900020280AD028280CD109E001240BE0042446
:10AAA00009E0082407E0102405E0202403E0402406
:10AAB00001E0802400BF1FE03849286888421AD18D
:10AAC0003A48001D006800F00700062810D2DFE8B1
:10AAD00000F0030507090B0D02240BE0042409E034
:10AAE000082407E0102405E0202403E0402401E0CE
:10AAF000802400BF00E0802400BF284928688842E5
:10AB00004BD1102C1AD006DC022C09D0042C0BD00F
:10AB1000082C29D10DE0202C21D0402C24D120E07C
:10AB2000F9F7DAFE064623E005A8F9F7E7FE069EE8
:10AB30001EE002A8F9F7FAFF039E19E01B485438FB
:10AB40000068C0F3401040B1184854380068C0F3A2
:10AB5000C101204820FA01F600E01E4E08E01E4E1A
:10AB600006E04FF4004603E000260120089000BFF5
:10AB700000BF002E10D01949686A31F81000B6FBEA
:10AB8000F0F9686800EB4000484503D868680003A6
:10AB9000484525D20120089007E153E0000C0058F9
:10ABA000F369FFCFFFF4FF11001001405444025835
:10ABB0000044004000480040004C0040005000406D
:10ABC0000014014000780040007C00400018014063
:10ABD000001C01400090D00300093D00D041010855
:10ABE0007849686A31F810C0624600233046194639
:10ABF000F5F730FD4FF4807C00220346A3FB0C0BDD
:10AC000001FB0CB103FB02136968490884461CEB85
:10AC1000010143EB0200CDE90010D5F804C0624603
:10AC2000002308460199F5F715FD0746B7F5407F63
:10AC300005D3B7F5801F02D22868C760B5E00120B0
:10AC40000890B2E0E869B0F5004F5BD1082C1AD04B
:10AC500005DC5CB1012C0DD0042C2DD10EE0102CA4
:10AC600016D0202C23D0402C26D122E0FBF7C6F8AA
:10AC7000064625E0FBF7D4F8064621E005A8F9F7DB
:10AC80003DFE069E1CE002A8F9F750FF039E17E068
:10AC90004D480068C0F3401038B14B480068C0F31D
:10ACA000C1014A4820FA01F600E0484E08E0484E4B
:10ACB00006E04FF4004603E000260120089000BFA4
:10ACC00000BF7EB33F49686A31F81000B6FBF0F070
:10ACD0004000696800EB5100B0FBF1F7102F0ED374
:10ACE000B7F5803F0BD24FF6F07007EA000AC7F3C2
:10ACF00042004AEA000A2868C0F80CA055E001208A
:10AD0000089052E0082C1BD005DC64B1012C0ED059
:10AD1000042C2ED10FE0102C17D0202C24D0402C46
:10AD200027D123E041E0FBF769F8064625E0FBF771
:10AD300077F8064621E005A8F9F7E0FD069E1CE03D
:10AD400002A8F9F7F3FE039E17E01F480068C0F35E
:10AD5000401038B11C480068C0F3C1011B4820FAFC
:10AD600001F600E0194E08E0194E06E04FF40046E7
:10AD700003E000260120089000BF00BFAEB11149DA
:10AD8000686A31F81000B6FBF0F0696800EB51001A
:10AD9000B0FBF1F7102F06D3B7F5803F03D2B8B25E
:10ADA0002968C86001E0012008900120A5F86A0028
:10ADB000A5F8680000206867A867089809B0BDE892
:10ADC000F08F0000D0410108004402580090D003E9
:10ADD00000093D0030B503469965A3F85C20A3F84F
:10ADE0005E200020586700BF9868B0F5805F0AD1E8
:10ADF000186920B940F2FF10A3F8600020E0FF209E
:10AE0000A3F860001CE0986848B9186918B9FF20D9
:10AE1000A3F8600014E07F20A3F8600010E09868B9
:10AE2000B0F1805F09D1186918B97F20A3F86000DC
:10AE300006E03F20A3F8600002E00020A3F86000D5
:10AE400000BF0020C3F890002220C3F88C0000BF90
:10AE500000BF1C68083454E8004F44F001001C682F
:10AE6000083444E80005002DF3D100BF586EB0F15E
:10AE7000005F2CD1B3F86800904228DC9868B0F5E8
:10AE8000805F04D1186910B92548586701E025484A
:10AE90005867186960B100BF00BF1C6854E8004FD4
:10AEA00044F480701D6845E80004002CF5D100BF13
:10AEB00000BF00BF1C68083454E8004F44F08050C5
:10AEC0001C68083444E80005002DF3D126E098689A
:10AED000B0F5805F04D1186910B91348586701E0D4
:10AEE00012485867186960B100BF00BF1C6854E879
:10AEF000004F44F490701D6845E80004002CF5D123
:10AF00000CE000BF00BF1C6854E8004F44F0200074
:10AF10001D6845E80004002CF5D100BF002030BDBD
:10AF2000ADA20008B1A50008A9A10008ADA40008C1
:10AF30002DE9F04104460D4617469846069E41E02D
:10AF4000701C00283ED0F9F76BFBA0EB0800B04264
:10AF500000D816B90320BDE8F0812068006800F031
:10AF6000040070B3802D2DD0402D2BD02068C069F7
:10AF7000C0F3C00078B10820216808622046FFF7BE
:10AF8000A5F80820C4F8900000BF002084F88400D1
:10AF900000BF0120DFE72068C069C0F3C02080B196
:10AFA0004FF40060216808622046FFF78FF82020E8
:10AFB000C4F8900000BF002084F8840000BF032084
:10AFC000C9E7FFE72068C0692840A84201D10120F5
:10AFD00000E00020B842B3D00020BCE7104804F0E5
:10AFE000A1FD00BF0E4804F063FD0D4890F830004D
:10AFF000012802D10A4804F0A5FD094890F8300064
:10B00000022802D1064805F099F800231A4605499E
:10B010000548006808F0D4F9642006F057FEE1E71F
:10B02000B06B0024706E00243800002410B509486D
:10B03000FCF760FB07480068C06900F0100040B1F1
:10B0400004480068006800F0100010B10148FCF7E7
:10B05000ADFD10BD1808002410B50948FCF74AFBE7
:10B0600007480068C06900F0100040B1044800685B
:10B07000006800F0100010B10148FCF797FD10BD0A
:10B08000AC08002400BFFEE72DE9FF5F2DED020BA9
:10B090002DED028B06460F461546B0EE408ADDE9DF
:10B0A00015ABDDE91389052D79D0062D76D1A520C4
:10B0B0007F4908701520A1F801000D20C8700521F6
:10B0C0007B4800F0C1FC40F201307949A1F805004D
:10B0D00040F20110A1F807000798A1F809001298A2
:10B0E000A1F80B00002407E0315DC4F102027048B2
:10B0F0000D308154601CC4B2032C02DA305D00288C
:10B10000F2D16B48007C67F3020069490874084675
:10B11000007C65F3C50008740846008A68F389104E
:10B1200008820846407C69F3850048740846808A96
:10B130006AF309008882B1F81110189860F38E1133
:10B140005B48A0F811105A49498A199860F3CF1149
:10B1500057484182B0F815006BF38C005449A1F8B0
:10B160001500C98A179860F34F115148C1825049A0
:10B170001A9888611E214E4800F018FD1E224C4985
:10B180004C48F5F7F5FA1E214A4800F061FAFF2213
:10B1900049A14848F5F7ECFA7FE000E07CE0A52003
:10B1A000434908701520A1F801000D20C870052141
:10B1B0003F4800F049FC40F201303D49A1F805004C
:10B1C00040F20110A1F807000798A1F809001298B1
:10B1D000A1F80B00002407E0315DC4F102023448FD
:10B1E0000D308154601CC4B2032C02DA305D00289B
:10B1F000F2D12F48007C67F302002D4908740846FD
:10B20000007C65F3C50008740846008A68F389105D
:10B2100008820846407C69F3850048740846808AA5
:10B220006AF309008882B1F81110189860F38E1142
:10B230001F48A0F811101E49498A199860F3CF11D0
:10B240001B484182B0F815006BF38C001849A1F837
:10B250001500C98A179860F34F111548C1829FEDF8
:10B26000170A28EE000ABDEEC00A10EE100A1049B7
:10B2700088611E210E4800F099FC1E220C490D48E1
:10B28000F5F776FA1E210B4800F0E2F9FF220AA139
:10B290000848F5F76DFA00E000BF00BF1E21044822
:10B2A000F5F7E5FABDEC028B06B0BDE8F09F0000B3
:10B2B0002FBA002454BB00240000000000007A4490
:10B2C00010B500F0B1FA10BD10B50649064805F0FA
:10B2D000C5FD0649064805F0C1FD0649064805F0CA
:10B2E000BDFD10BD49BC000858B6002489BC00084B
:10B2F000D0B60024C9BC000848B7002410B50446E5
:10B3000022460249024802F08BF910BD00100140AC
:10B31000506C002410B5044622460249024802F04F
:10B320007FF910BD00480040506C002410B5044661
:10B3300022460249024802F073F910BD004C004059
:10B34000506C002410B5044622460249024802F01F
:10B3500067F910BD00780040506C002410B5044619
:10B3600022460249024802F05BF910BD007C004011
:10B37000506C00242DE9FF5F8B46924612ACF0CC56
:10B38000BAF1050F7ED2DFE80AF0031F3B516D00D2
:10B390008048B0F8150064F38C007E49A1F81500D0
:10B3A0000846C08A65F34F10C8820846B0F81900F5
:10B3B00066F38C00A1F819000846408B67F34F1024
:10B3C00048834FF008097BE07248B0F8150064F339
:10B3D0008C007049A1F815000846C08A65F34F102B
:10B3E000C8820846B0F8190066F38C00A1F819006D
:10B3F0000846408B67F34F1048834FF009095FE020
:10B400006448B0F8150064F38C006249A1F8150097
:10B410000846C08A65F34F10C882098B169860F3FE
:10B4200009015C4801834FF00A0949E05948B0F826
:10B43000150064F38C005749A1F815000846C08A2E
:10B4400065F34F10C8820846B0F8190066F38C0007
:10B45000A1F819000846408B67F34F1048834FF05E
:10B460000B092DE04B48B0F8150064F38C004949F6
:10B47000A1F815000846C08A65F34F10C882B1F8DC
:10B48000111000E01BE0179860F38E114148A0F8FE
:10B4900011104049498A189860F3CF113D48418204
:10B4A000B0F8190066F38C003A49A1F81900084673
:10B4B000408B67F34F1048834FF00C0900E000BF4A
:10B4C00000BFA520334908701520A1F801000846E7
:10B4D00080F80390052100F0B7FA40F201302D49C1
:10B4E000A1F8050040F20110A1F807000398A1F8A7
:10B4F00009000E98A1F80B004FF000080BE000982F
:10B5000010F80810C8F1020222480D30815408F1E9
:10B51000010000F0FF08B8F1030F04DA009810F8FA
:10B5200008000028EBD11B48007C6BF3020019498E
:10B5300008740846007C6AF3C5000874098A0F98ED
:10B5400060F38911134801821249497C109860F315
:10B550008501104841740F49898A119860F30901E7
:10B560000C4881821E2100F021FB1E2209490A4855
:10B57000F5F7FEF81E21084800F06AF8FF2207A13F
:10B580000548F5F7F5F81E210248F5F770F9BDE812
:10B59000FF9F000011BA002454BB002400000000EB
:10B5A000002003E0034A02F83000401C1228F9DBB7
:10B5B00070470000F86D0024014671EE602AF0EE3D
:10B5C000621AB0EE602A30EE423A01208840401EF6
:10B5D00002EE900AF8EEE22A63EE222A82EEA13A07
:10B5E000FDEEC32A12EE900A7047B0EE401A30EE1C
:10B5F000C10AF0EE401AB0EE412A00EE100AB8EE91
:10B60000C00A60EE212A01228A40521E00EE102A52
:10B61000B8EEC03A82EE830A30EE020A70470000AC
:10B6200008B50848406800900749009809688842B2
:10B6300004D206480068401C04490860024900988A
:10B64000086008BD001000E0200200241C02002455
:10B6500070B505460C46B4F5007F00DD70BDE2B262
:10B660002946024800F044FE00BFF7E714B8002462
:10B6700010B542F2E833034A00210348FBF7C2FD4C
:10B6800010BD0000886E00244C0500242DE9F04117
:10B690000646884617461D46082D01DDBDE8F081A7
:10B6A00005EB4500174901EB0014002023E008FAE0
:10B6B00000F101F0800109B18F2100E0432124F85D
:10B6C000101006FA00F101F0800109B18F2200E0AC
:10B6D000432200F1080124F8112007FA00F101F0DB
:10B6E000800109B18F2200E0432200F1100124F80B
:10B6F0001120411C88B20828D9DBFFF7B9FF00BF31
:10B70000CCE70000D8B40024F0EE401AF4EEE01AC2
:10B71000F1EE10FA02D2B0EE600A7047F4EEC11AF0
:10B72000F1EE10FA02DDB0EE410AF6E7B0EE610A82
:10B73000F3E7000010B501222C492D48FCF7D8FD95
:10B740002B480068006840F010002949096808602B
:10B75000012228492848FCF7CBFD274800680068EB
:10B7600040F0100024490968086001222349244858
:10B77000FCF7BEFD22480068006840F01000204938
:10B780000968086001221F491F48FCF7B1FD1E48E7
:10B790000068006840F010001B4909680860012239
:10B7A0001A491B48FCF7A4FD19480068006840F0DE
:10B7B000100017490968086016490C48401E00F03F
:10B7C0007CFD15490B48401E00F077FD13490B48DE
:10B7D000401E00F072FD12490A48401E00F06DFD47
:10B7E00010490A48401E00F068FD10BDC1B7002492
:10B7F00018080024DDB70024AC080024F9B70024A1
:10B800005C06002415B80024F006002431B800249A
:10B8100084070024FDB2000815B300082DB300080A
:10B8200045B300085DB3000810B5002406E0A3B2DC
:10B83000002211461046FFF729FF641C082CF6D39E
:10B8400010BD000030B5034605E013F8010B80EA97
:10B8500002040448025D081EA1F10101F5D1104661
:10B8600030BD00000842010810B50446C2E063483C
:10B870000088211862480A6802600979017100781D
:10B88000A52873D15D4909886018052100F0EEF8FC
:10B890000128F6D15A4AB2F8012002F10901574AAB
:10B8A0001288A01800F09AF90128EAD153480088BC
:10B8B00021185448B1F80510C18050480088205C18
:10B8C000401C4E49098860544D48B0F801104B485F
:10B8D0000088093008444C4908804A48C08840F232
:10B8E0000322811A904242D009DC01280ED003289D
:10B8F00018D0A0F2012008B3012868D12AE0042959
:10B9000041D005294BD0FE2961D154E03C48B0F824
:10B9100001203A4800882044C11D3A480830F4F715
:10B9200027FF55E03648B0F801203448008820440D
:10B93000C11D34482030F4F71BFF49E03048B0F80F
:10B9400001202E4800882044C11D2E481330F4F7F2
:10B950000FFF3DE02A48B0F8012028480088204425
:10B96000C11D28484030F4F703FF31E036E0244899
:10B97000B0F80120214800882044C11D21485D30D5
:10B98000F4F7F6FE24E01E48B0F801201B480088BA
:10B990002044C11D1B485030F4F7EAFE18E0184857
:10B9A000B0F80120154800882044C11D15485730C3
:10B9B000F4F7DEFE0CE01248B0F801200F480088D2
:10B9C0002044C11D0F488B30F4F7D2FE00E000BFC9
:10B9D00000BF0D4800880949088003E0002007499E
:10B9E000088008E005480088FF2803D900200349A3
:10B9F000088000E03BE700BF10BD0000F402002417
:10BA00004C02002462B80024F602002430B503463C
:10BA100013B94FF6FF7030BD09E013F8014B82EA0D
:10BA20000400C0B2054D35F8100080EA2222081E3D
:10BA3000A1F10101F1D11046EDE700000843010832
:10BA40000048704762B8002470B505460C460026D1
:10BA50000DB1022C00D870BD611EFF222846FFF7F1
:10BA6000F1FE0646601E2E5400BFF4E770B5054691
:10BA70000C4600260DB1022C01D8002070BD611EBD
:10BA8000FF222846FFF7DEFE0646601E285CB04215
:10BA900001D10120F2E70020F0E7000010B50446D4
:10BAA0002146024805F058FD10BD0000605F0024EB
:10BAB0002DE9F04707460C469046A1464FEA89001B
:10BAC000F4F772FD0646A00000F1040A5046F4F7B0
:10BAD0006BFD054600203449087010E032480078BC
:10BAE00007EB800090ED000A2F48007806EB8000FD
:10BAF00080ED000A2C480078401C2B4908702A4829
:10BB00000078A042EADB0020274908702AE0264896
:10BB1000007816F820002449097805F82100224809
:10BB2000007806EB800041781F4800788000401CB8
:10BB300029541D48007806EB800081781A48007867
:10BB40008000801C29541848007806EB8000C178DA
:10BB5000154800788000C01C295413480078401C08
:10BB60001149087010480078A042D0DB002005F889
:10BB700024000021A000401C29548021A000801C2A
:10BB800029547F21A000C01C29540AF0FF02294635
:10BB9000404600F0ADFB2846F4F735FD3046F4F79B
:10BBA00032FDBDE8F08700000502002470B50546AF
:10BBB0000C4600260DB1022C00D870BDA11E06480F
:10BBC00002882846FFF722FF0646A01E2E54310A9F
:10BBD000601E295400BFF0E74802002470B50546F6
:10BBE0000C4600260DB1022C01D8002070BDA11E0C
:10BBF000094802882846FFF709FF0646F1B2A01E51
:10BC0000285C814206D1601E285CB0EB162F01D162
:10BC10000120EBE70020E9E74802002410B50446C4
:10BC20002146024805F098FC10BD00002C57002466
:10BC3000004870474CB800240146002901DD084641
:10BC40007047484200B2FBE738B504460020009038
:10BC50000A48C46000236A4600F1080108480068E9
:10BC600007F082FC009838B14FF080500549086019
:10BC7000BFF34F8FBFF36F8F38BD0000F86D002406
:10BC80003C00002404ED00E038B50446002000909C
:10BC90000A48446100236A4600F110010848006820
:10BCA00007F062FC009838B14FF0805005490860F9
:10BCB000BFF34F8FBFF36F8F38BD0000F86D0024C6
:10BCC0004000002404ED00E038B504460020009058
:10BCD0000A48C46100236A4600F118010848006858
:10BCE00007F042FC009838B14FF0805005490860D9
:10BCF000BFF34F8FBFF36F8F38BD0000F86D002486
:10BD00004400002404ED00E07047000070B50546D3
:10BD10000C4604B970BD012004EBC4010C4A02EBCF
:10BD200081014870002004EBC40102EB810188709E
:10BD3000012004EBC40102EB8101087107F02CFE25
:10BD400004EBC401024A02EB8101886000BFE1E715
:10BD5000D067002470B505460024BBE004EBC400A6
:10BD600005EB8000807801284ED104EBC40005EB80
:10BD70008000C068F0B307F00FFE04EBC40105EBD0
:10BD800081018968401A04EBC40105EB81018861D7
:10BD900004EBC40005EB8000806904EBC40105EBF3
:10BDA0008101C96888422ED904EBC40005EB8000EC
:10BDB000C1692046884704EBC40005EB8000806918
:10BDC00004EBC40105EB8101C968401A04EBC4010E
:10BDD00005EB8101496988427AD904EBC40005EB7F
:10BDE0008000C078012873D1002004EBC40105EB6A
:10BDF000810100E008E0887004EBC40005EB8000DE
:10BE0000016A2046884763E004EBC40005EB80002C
:10BE1000407801285CD104EBC40005EB8000006988
:10BE2000F0B307F0B9FD04EBC40105EB81018968AB
:10BE3000401A04EBC40105EB8101886104EBC400E6
:10BE400005EB8000806904EBC40105EB8101096901
:10BE500088422FD904EBC40005EB8000C16920465D
:10BE6000884704EBC40005EB8000806904EBC40143
:10BE700005EB81010969401A04EBC40105EB81015E
:10BE80004969884224D904EBC40005EB8000C078DE
:10BE900001281DD1002004EBC40105EB810100E065
:10BEA00016E0487004EBC40005EB8000016A2046F0
:10BEB00088470DE004EBC40005EB8000C078012842
:10BEC00006D104EBC40005EB8000016A20468847D8
:10BED000601CC4B2122CFFF641AF1548006880699F
:10BEE00000F0010038B112480068806920F00100BC
:10BEF0000F49096888610F480068806900F00100F7
:10BF000038B10C480068806920F0010009490968CF
:10BF1000886109480068806900F0010038B106486E
:10BF20000068806920F0010003490968886170BDDC
:10BF300020030024C0030024600400247047000094
:10BF4000024601EBC100024B03EB80000079704711
:10BF5000D067002470B52DED068B044694ED080AD9
:10BF600084ED090A00203DE004F1640101EB800149
:10BF700091ED000ADFED8D0A20EE200A04F12C017C
:10BF800001EB8001D1ED000A20EE200AD4ED000A79
:10BF900004F1640101EB800191ED001A60EE810A69
:10BFA00004F1640101EB800191ED001A00EE810AB9
:10BFB000D4ED010A04F12C0101EB800191ED001A8E
:10BFC00060EE810A04F12C0101EB800191ED001A71
:10BFD00000EE810A04F1400101EB800181ED000ACD
:10BFE000411CC8B20428BFDB00BF94ED100AD4ED99
:10BFF000110A30EE200AD4ED120A30EE200AD4EDF8
:10C00000130A30EE200AD4ED020A30EE200A84ED45
:10C010000F0A94ED0F0AD4ED090AB4EEE00AF1EE2E
:10C0200010FA7BDD94ED090AD4ED0F0A80EE201A98
:10C03000B0EE41AA0025B2E004F1400000EB85001B
:10C0400090ED000A20EE0A0A04F1500000EB850092
:10C0500080ED000A00BF94ED140AD4ED150A30EE0D
:10C06000200AD4ED160A30EE200AD4ED170A30EE7D
:10C07000200A84ED180A94ED008A04F12C0000EBEC
:10C08000850090ED000ADFED490A60EE208A94ED0C
:10C09000010A04F12C0000EB8500D0ED000A60EEEF
:10C0A000200A04F12C0000EB850090ED001A04F149
:10C0B000500000EB850090ED000A10EE810AD4EDEF
:10C0C000020A70EE209A04F1640000EB850090ED06
:10C0D000000AB5EEC00AF1EE10FA30DD68EEA80AEB
:10C0E000B1EE001A28EE011A41EE690AB0EE600ABC
:10C0F00005F03EFBF1EE680A30EE200AF0EE000A91
:10C1000068EE200A80EE201AB0EE419A9FED280AD0
:10C11000B4EEC09AF1EE10FA0ADD00E043E09FEDC4
:10C12000240A04F1640000EB850080ED000A34E08D
:10C1300004F1640000EB850080ED009A2DE068EECC
:10C14000A80AB1EE001A28EE011A41EE690AB0EE13
:10C15000600A05F00DFBF1EE680A30EEC00AF0EE61
:10C16000000A68EE200A80EE201AB0EE419A9FED98
:10C17000110AB4EEC09AF1EE10FA08D29FED0D0A42
:10C1800004F1640000EB850080ED000A05E004F195
:10C19000640000EB850080ED009A681CC5B2042D98
:10C1A000FFF64AAF00BFBDEC068B70BD4F020636EE
:10C1B00000007A4600007AC61D49D1F8DC10B1F8BB
:10C1C0001D2082831B4991ED000A80ED080A1A495F
:10C1D000496EB1F9021000EE101AB8EEC00A80EDF7
:10C1E0000B0A1549896FB1F9021000EE101AB8EE6A
:10C1F000C00A80ED0C0A1049D1F88C10B1F9021078
:10C2000000EE101AB8EEC00A80ED0D0A0A49D1F806
:10C21000A010B1F9021000EE101AB8EEC00A80EDBD
:10C220000E0A0349D1F8DC10496C816270470000A6
:10C23000586A002418030024105700240E4991ED79
:10C24000000A80ED000A9FED0D0A80ED010A9FEDC6
:10C250000C0A80ED020A9FED0B0A80ED1E0AB3EE78
:10C260000E0A80ED1D0A9FED080A80ED030AB1EE6B
:10C27000040A80ED040A70471C0300248F284E3402
:10C2800048E19A3F0000000000008C4210B50446CF
:10C29000E06810B10120E168884710BD70B5044620
:10C2A0000D462A4604F11001204604F059FDE068CD
:10C2B00010B10020E168884770BDC1607047014639
:10C2C000CA8A888A824202D14FF0FF307047C88AFA
:10C2D0000A69105CFAE738B50446002000906A4607
:10C2E00004F11001204604F01AFD9DF8000038BD4D
:10C2F0002DE9F04104460D4616462F4602E0012086
:10C3000005F0E4FCA0680068C069C0F38010002854
:10C31000F5D032463946A068FCF780F8BDE8F081D8
:10C3200001460A8B888A0244C88A121A088BB2FB1B
:10C33000F0F300FB132070472DE9F04104460D4651
:10C3400016461F46DDF81880A560666084F80080F8
:10C350000020E060207828B9BAB204F1100120462C
:10C3600004F01AFD2046BDE8F081000010B5044637
:10C37000FFF75EFC606500218E4880F87C189FED19
:10C380008E0A00F5006080ED020A9FED8B0A894855
:10C3900080ED220A8948C16AC4F818123430C16A93
:10C3A000C4F890100221583804F0BFF9C4F8A00373
:10C3B000002182480C3804F0B8F9C4F85C0401216B
:10C3C0007E480C3804F0B1F9C4F81805F0EE082ADC
:10C3D000B0EE082AF2EE041A9FED771ADFED780A24
:10C3E000B6EE000A012204F59271764805F07CF859
:10C3F000F0EE082AB0EE082AF0EE081A9FED6E1A49
:10C40000DFED6D0A9FED700A012204F1D4016D4841
:10C4100005F06AF8F0EE002AB0EE082AF2EE041AEF
:10C420009FED6A1ADFED6A0A9FED6A0A012204F5A0
:10C430002B71644805F058F8F6EE002A9FED662A45
:10C44000F0EE081A9FED5C1ADFED5B0A9FED630AC0
:10C45000012204F517715B4805F046F8F0EE002A5A
:10C46000B0EE082AF2EE041AB0EE081ADFED5C0A0C
:10C470009FED590A012204F55371524805F034F832
:10C48000F0EE082AB0EE082AF2EE041A9FED4A1ADE
:10C49000DFED490A9FED500A012204F53F7149483A
:10C4A00005F022F8DFED4F2A9FED4F2ADFED4F1AFE
:10C4B0009FED4F1ADFED400AB2EE040A012204F5A7
:10C4C0008F61404805F010F8DFED462A9FED462ABF
:10C4D000DFED461A9FED461ADFED370AB2EE040A89
:10C4E000012204F23451374804F0FEFFDFED3D2A0B
:10C4F0009FED402ADFED401AB2EE041ADFED2E0A5E
:10C50000B2EE080A012204F20C412E4804F0ECFFBE
:10C51000DFED342A9FED372ADFED371A9FED261A1B
:10C52000DFED360AB2EE040A012204F56F712548E8
:10C5300004F0DAFF002140F612000153B2EE080ABF
:10C5400004F5016080ED020ABBEE040A80ED030AE7
:10C55000D4F8A00301884FF4026001530021801C2D
:10C5600001550F21801C0155122184F825181E2128
:10C5700084F82618062184F85018082184F85118E8
:10C58000142184F8521840F24471A4F8541840F26F
:10C590009E61A4F856189FED1A0A04F5016080ED1B
:10C5A0000B0A204600F0D4FB0449A1F1240004F05A
:10C5B0002CFD10BD445F002400000000906D00249D
:10C5C000A69B443BF8020024CDCC4C3F4260E53BA7
:10C5D0006F12833ACDCC4C3E9A99193F9A99993E65
:10C5E0006F12033B00803B450000FA4500606A463D
:10C5F0000AD7233C00409C4500A00C463333333F10
:10C600000060B84510B52DED048B04469FEDE80A97
:10C61000F0EE408A9FEDE60AB0EE409AE54890EDD4
:10C62000280ADFEDE50A20EE200ADFEDE40A80EEBD
:10C63000208AB0EE480A05F0F1F8D4ED220A20EE87
:10C64000200A84ED230A94F87D08012879D194ED1D
:10C650008B0A04F50060D0ED030A30EE600AD0EDDD
:10C66000020A20EE200A84EDE70A94EDE70AF1EED3
:10C67000040AB4EEE00AF1EE10FA04DBB1EE040AAB
:10C6800084EDE70A0CE094EDE70AF9EE040AB4EE53
:10C69000E00AF1EE10FA03D8B9EE040A84EDE70AD5
:10C6A00094ED8B0A04F5006080ED030A94ED8B1A7B
:10C6B000F0EE410A94ED8A1AB0EE410A04F52B71AE
:10C6C000BF4804F0E5FD94EDB41AF0EE410A94ED94
:10C6D000881AB0EE410A04F51771B94804F0D8FD84
:10C6E00094ED291AF0EE410A94ED281AB0EE410AB1
:10C6F00004F59271B24804F0CBFD94ED521AF0EEBD
:10C70000410A94ED261AB0EE410A04F1D401AC4876
:10C7100004F0BEFD94EDA00AD4EDE70A30EE200A45
:10C72000F0EE408AD4ED3E0AB0EE600A204600F0FA
:10C73000C9FCD4ED230A30EE200AB0EE409ADBE0CB
:10C74000FFE794F87D0802287ED19E4890ED0F0AFD
:10C75000B7EEC00A9FED9C1B20EE010B04F50060B4
:10C7600090ED031AB7EEC11A9FED992B02EE010B63
:10C77000B7EEC00B84ED950A94ED950AD0ED030A4F
:10C7800030EE600AD0ED020A20EE200A84EDE70ABE
:10C7900094EDE70AF2EE000AB4EEE00AF1EE10FAC8
:10C7A00004DBB2EE000A84EDE70A0CE094EDE70A40
:10C7B000FAEE000AB4EEE00AF1EE10FA03D8BAEE8F
:10C7C000000A84EDE70A94ED950A04F5006080ED17
:10C7D000030AD4ED8B0AF1EE600AB0EE600ADFEDD9
:10C7E000740A04F55371764804F052FD94EDDC1A96
:10C7F000F0EE410A94ED881AB0EE410A04F53F715B
:10C800006F4804F045FD94ED291AF0EE410A94EDCD
:10C81000281AB0EE410A04F59271694804F038FD17
:10C8200094ED521AF0EE410A94ED261AB0EE410A48
:10C8300004F1D401624804F02BFD94EDC80AD4ED54
:10C84000E70A30EE200A00E00AE0F0EE408A94EDBC
:10C850003E0AD4ED230A30EE200AB0EE409A4BE0B7
:10C8600094F87D08032847D094F87D08052843D123
:10C8700094ED8B1AF0EE410A94ED8A1AB0EE410A5B
:10C8800004F52B714E4804F003FD94EDB41AF0EE5C
:10C89000410A94ED881AB0EE410A04F51771484830
:10C8A00004F0F6FC94ED291AF0EE410A94ED281AF2
:10C8B000B0EE410A04F59271414804F0E9FCD4ED70
:10C8C000260AB0EE600A4448D0ED000A04F1D40113
:10C8D0003B4804F0DDFC94EDA00AF0EE408AD4ED74
:10C8E0003E0AB0EE600A204600F0ECFBD4ED230ACD
:10C8F00030EE200AB0EE409A04F25C4090ED031A4C
:10C90000F0EE410A90ED021AB0EE410A04F58F6193
:10C910002B4804F0BDFC04F5A36090ED031AF0EE83
:10C92000410A90ED021AB0EE410A04F23451244853
:10C9300004F0AEFC40F67600005D01280CD194EDC9
:10C94000EB1AF0EE410A94EDEA1AB0EE410A04F552
:10C950006F711B4804F09CFCB1EE680A84ED8F0AED
:10C9600084ED2D9A04F25C4090ED100ABDEEC00AF1
:10C9700010EE100A01B240F27440015304F5A360B6
:10C9800090ED100ABDEEC00A10EE100A01B24FF48D
:10C99000A660015394EDF80ABDEEC00A10EE100A2D
:10C9A00001B24FF46E700153BDEC048B10BD00005A
:10C9B00000000000445F0024DB0F494000003443C6
:10C9C000F8020024586A00249A9999999999B93FD4
:10C9D000CDCCCCCCCCCCEC3F940100242DE9F04163
:10C9E0002DED028B04460F469046D7ED000AB0EEBF
:10C9F000600A07F0ABFA30B9D8ED000AB0EE600A71
:10CA000007F0A4FA18B1BDEC028BBDE8F08194F8F0
:10CA10007008012830D1606DB0F90000142805DCE1
:10CA2000606DB0F9000010F1140F03DA606DB0F919
:10CA3000005000E00025606DB0F90200142805DC0C
:10CA4000606DB0F9020010F1140F03DA606DB0F9F7
:10CA5000026000E0002600EE105AB8EEC00ADFEDDA
:10CA6000160A20EE608A00EE106AB8EEC00ADFED0A
:10CA7000130A60EE208A18E094F87008A8B9606D77
:10CA8000B0F90C0000EE100AB8EEC00ADFED0C0A97
:10CA900020EE608A606DB0F90E0000EE100AB8EE6C
:10CAA000C00ADFED080A60EE608A87ED008AC8EDF3
:10CAB000008A00BFA7E7000052499D3917B7D1B8D7
:10CAC0003480373A82A87BB730EE601ADFED131A54
:10CAD000B4EEE11AF1EE10FA08DB30EE601ADFED89
:10CAE000101A31EE611A81ED001A15E030EE601A6D
:10CAF000DFED0C1AB4EEE11AF1EE10FA08D830EEC0
:10CB0000601ADFED071A31EE211A81ED001A03E0F9
:10CB100030EE601A81ED001A704700000000874374
:10CB20000000B443000087C310B504468548D0F820
:10CB3000DC00C07F00F0010018B90021824880F8B5
:10CB40007C188148D0F818024078012807D07F4926
:10CB5000A1F1240004F059FA012005F0B7F8606D46
:10CB6000807A012807D1606DC07A032803D10020A4
:10CB700084F8700802E0012084F8700894F87008C6
:10CB8000002873D10123002204F1430104F11C00A9
:10CB900004F07BFD10B1002084F87D080123002201
:10CBA00004F1400104F11C0004F06FFD28B194F879
:10CBB0007D0810B9012084F87D0804F67103012274
:10CBC00004F14F0104F11C0004F04AFD04F6720365
:10CBD000002204F1310104F11C0004F041FD04F6CF
:10CBE0007303002204F1340104F11C0004F038FD49
:10CBF00004F67403002204F12E0104F11C0004F079
:10CC00002FFD40F67400005D01280ED140F676003D
:10CC1000005D012809D104F67503012204F14C01DD
:10CC200004F11C0004F01CFD17E040F67400005DE8
:10CC3000012812D140F67600005D70B90123002270
:10CC400004F14C0104F11C0004F01FFD08B10121A6
:10CC500000E0002140F67500015504F6770301223B
:10CC600004F12B0104F11C0004F0FAFC606D807AE1
:10CC7000022803D1002084F87D081BE0606D807AD3
:10CC8000032809D1012084F87D08002140F67100B5
:10CC90000155C01C01550DE0606D807A012809D155
:10CCA000606DC07A022805D1012140F6740001555B
:10CCB000401C0155606D807A03280DD1606DC07AEB
:10CCC000022809D1012084F87D08002140F6710076
:10CCD0000155001D015531E0606D807A03280DD1AA
:10CCE000606DC07A032809D1012084F87D080021F5
:10CCF00040F674000155C01E01551FE0606D807A3A
:10CD0000032811D1606DC07A01280DD194F87D08F7
:10CD1000022802D0052084F87D08012140F6740025
:10CD20000155C01E015509E0606D807A012805D1CA
:10CD3000606DC07A012801D1F7F77CFD204600F034
:10CD4000D9F910BD586A0024445F0024906D002476
:10CD500070B5044604F15800F4F7ECFB84ED170AB3
:10CD6000624890ED250A84ED8A0A94ED880A6048AD
:10CD7000D0ED000AB7EE001A71EE600A20EE200A2C
:10CD80005A48D0ED260A5A4890ED001A00EE810A62
:10CD900084ED880AD4F8900090ED010AB1EE400AC3
:10CDA000DFED540A20EE200ADFED530A80EE201A50
:10CDB00084ED281A4D4890ED280A84ED260AD4F80F
:10CDC000A003B0F9020000EE100AB8EEC00A84ED2C
:10CDD000EA0AD4F85C04B0F9020000EE100AB8EEDA
:10CDE000C00A04F25C4080ED020AD4F81805B0F9DC
:10CDF000020000EE100AB8EEC00A04F5A36080ED50
:10CE0000020A4FF40260025BD4F8A00301882046B6
:10CE100000F060FA04F5006080ED200A90ED200A31
:10CE20008030D0ED010A30EE600ADFED320AB4EE58
:10CE3000E00AF1EE10FA07DD40F688000059401EC6
:10CE400040F68801085116E004F5006090ED200AD4
:10CE50008030D0ED010A30EE600ADFED280AB4EE32
:10CE6000E00AF1EE10FA06D240F688000059401CA4
:10CE700040F68801085104F5006090ED200A8030EA
:10CE800080ED010A803890ED200A8030D0ED020A52
:10CE9000F8EEE00A9FED1A1A00EE810A84EDEC0A22
:10CEA000002140F622000155012140F6760001558F
:10CEB0000E48D0F8DC00B0F81B100C48D0F8DC00AD
:10CEC000B0F84A00081A502804DA94F8521884F886
:10CED0004F1803E094F8521884F84F1806F05CFDE0
:10CEE00005462946204604F00DFC70BD586A002412
:10CEF0009C01002400003443DB0F4940000034C390
:10CF00000000B44370B504460D46164694F87D08FB
:10CF100040B99FED5F0A85ED000A9FED5D0A86ED41
:10CF2000000AB3E094F87D08012805D1324629466D
:10CF30002046FFF753FDA9E094F87D08022803D0AE
:10CF400094F87D0803282AD1B2EE040A84ED4D0A34
:10CF50000120504908705048B0F9640001EE100AF1
:10CF6000B8EEC11B9FED4D2B21EE021BB7EEC11B8E
:10CF7000F0EE410A94ED951AB0EE410A04F66C0108
:10CF80002046FFF7A1FD04F5016090ED170A85ED3D
:10CF9000000A414890ED0E0A86ED000A76E094F80A
:10CFA0007D08052872D19FED3F0A84ED4D0A94ED6E
:10CFB000190A3D48D0ED000A30EE600ADFED3B0A69
:10CFC000B4EEE00AF1EE10FA0ADB3948007840428C
:10CFD00040B23749087094ED190A334880ED000AD1
:10CFE000334890F9000000EE100AB8EEC00AF3EEE4
:10CFF000040A20EE200A86ED000A274890F8300047
:10D0000001282DD12B48B0F8AD002A49B1F8BC1049
:10D0100088420ED094F87D0805280AD19FED260A93
:10D0200085ED000A2348B0F8AD002249A1F8BC0004
:10D030002CE094ED190A2148D0ED000A30EE600A88
:10D04000F7EE080AB4EEE00AF1EE10FA1EDB9FEDEF
:10D050001C0A85ED000A94ED190A80ED000A15E01E
:10D0600094ED190A1548D0ED000A30EE600AF7EE8B
:10D07000080AB4EEE00AF1EE10FA07DB9FED100AA1
:10D0800085ED000A94ED190A80ED000A70BD0000DC
:10D090000000000082010024586A002416688116EE
:10D0A0006881763FCDCC0C40780100243333333F88
:10D0B0008A010024745C002400008CC27C010024DE
:10D0C000000034C2F0EE400A084991ED001A70EEFB
:10D0D000C11A074991ED002A81EE821A31EE201A19
:10D0E000B0EE410A0149C1ED000A7047A8010024D1
:10D0F000A40100247149D1F8DC10C97CD9B16F4971
:10D10000D1F8DC10B1F81510A9B9002240F675016C
:10D110000A54091F0A54491C0A540121684A117013
:10D12000002180F87D1890ED8A0A80ED8B0A90ED41
:10D13000280A80ED290A40F67401095C012906D10C
:10D1400000F5016191ED0B0A81ED060A09E09FED02
:10D150005D0A00F5016181ED060A002240F67501C5
:10D160000A5400F5016191ED060A00F25C4181ED7F
:10D17000030A00F5016191ED060AB1EE400A00F5DF
:10D18000A36181ED030A40F67501095C012922D1F2
:10D1900040F67601095C012914D190F84F1800EE91
:10D1A000101AB8EEC00ADFED480A60EE200AB2EEAF
:10D1B000001A80EE810ADFED450A20EE200A80ED9C
:10D1C000EB0A19E090EDED0ADFED410A30EE200A9E
:10D1D00080EDED0A10E040F67601095C012903D1EB
:10D1E0009FED380A80EDEB0A40F67401095C19B92D
:10D1F00090EDEC0A80EDED0A40F67101095C012921
:10D200001ED190F87D18D9B12C4991ED100AFFEE8E
:10D21000000AB4EE600AF1EE10FA11D0022180F893
:10D220007D18264991F83410012904D1012240F6D5
:10D2300075010A5415E0002240F675010A5410E009
:10D24000002240F675010A5490F87D1849B190F813
:10D250007D18012905D0052180F87D1840F675015B
:10D260000A5490F87D1890F87E28914200D17047BA
:10D2700090F87D1890F87E2891421CD09FED110AFD
:10D2800080EDE70A9FED0F0A00F5006181ED030ACA
:10D2900090ED8A0A80ED8B0A90ED280A80ED290A2C
:10D2A00090EDEC0A80EDED0A90F87D1880F87E187C
:10D2B0000121034A117000BFD9E70000586A002419
:10D2C00082010024000000000000704200001042B3
:10D2D0000080CA4410B50346881AB0F5805F03DDAC
:10D2E000A0F5F850FF3805E010F5805F02DA41F64E
:10D2F000FF74204400EE900AF8EEE00A9FED021A57
:10D3000020EE810A10BD00000000343D1CB504462B
:10D310006A4601A92046FFF7F5FD94F87D0898B903
:10D320009FED4F0A8DED010A9FED4D0A8DED000A2C
:10D330009FED4B0A04F25C4080ED030A9FED480A22
:10D34000BC3080ED030A69E094F87D08012844D1DF
:10D3500094ED190A4348D0ED000A30EE600ADFED83
:10D36000420AB4EEE00AF1EE10FA11DB3F4890ED0C
:10D37000000AB7EEC00AB6EE001B30EE010BB7EEA6
:10D38000C00B80ED000A94ED190A364880ED000AC2
:10D39000364890ED000ADFED360AB4EEE00AF1EE11
:10D3A00010FA03DDB3EE0E0A80ED000A2F4890ED6F
:10D3B000000A304880ED000A94ED8B0ADDED010A89
:10D3C00030EE200A84ED8B0A94ED290ADDED000A87
:10D3D00030EE200A84ED290A20E094F87D08022826
:10D3E00003D094F87D08032808D19DED010A84ED4F
:10D3F0008B0A9DED000A84ED290A0FE094F87D0860
:10D4000005280BD19DED000A84ED290A94ED8B0AC5
:10D41000DDED010A30EE200A84ED8B0A94ED290A35
:10D4200004F50160D0ED030AB4EEE00AF1EE10FA63
:10D4300002D290ED030A0FE094ED290A04F5016091
:10D44000D0ED020AB4EEE00AF1EE10FA02DD90ED42
:10D45000020A01E094ED290A84ED290A1CBD0000AE
:10D46000000000007C010024A69B443C90010024A5
:10D47000000040428C01002410B50446204600BF45
:10D48000044600BF903003F0AFF9A0F1900400F51E
:10D49000C47003F0A9F9A0F5067400F5C47003F098
:10D4A000CFFBA0F56874BC3003F0CAFBA0F25C446B
:10D4B000BC3003F0C5FBA0F5A364BC3003F0C0FB97
:10D4C000A0F2D454BC3003F0BBFBA0F5D264BC3056
:10D4D00003F0B6FBA0F24C74204610BD10B5044614
:10D4E00004F24C7003F0B6FBA0F24C74BC3803F0AD
:10D4F000B1FBA0F5D264BC3803F0ACFBA0F2D4546D
:10D50000BC3803F0A7FBA0F5A364BC3803F0A2FB72
:10D51000A0F25C44BC3803F09DFBA0F56874A0F554
:10D52000C47003F073F9A0F50674A0F5C47003F09D
:10D530006DF9A0F19004204610BD0000F8B5064634
:10D540000C461546002000902D4884420CD1F0680E
:10D5500050F825102B48416200236A4600F1200153
:10D560002948006806F000F8284884420CD1F06988
:10D5700050F825102348C16200236A4600F12801B3
:10D580002148006805F0F0FF214884420CD1F06A80
:10D5900050F825101B48416300236A4600F1300112
:10D5A0001948006805F0E0FF1A4884420CD1F06B7E
:10D5B00050F825101348C16300236A4600F1380172
:10D5C0001148006805F0D0FF134884420CD1F06C7C
:10D5D00050F825100B48416400236A4600F14001D1
:10D5E0000948006805F0C0FF009838B14FF080503E
:10D5F0000A490860BFF34F8FBFF36F8FF8BD00007B
:10D60000C0B70024F86D002448000024DCB70024D3
:10D61000F8B7002414B8002430B8002404ED00E06A
:10D6200070B504460D4616461848854205D1334666
:10D6300022461749204600F03DF81648854206D19B
:10D64000334604F110021449204600F033F8134821
:10D65000854206D1334604F120021149204600F0EC
:10D6600029F81048854206D1334604F130020E49AC
:10D67000204600F01FF80D48854206D1334604F1DC
:10D6800040020B49204600F015F870BD0010014023
:10D69000C0B7002400480040DCB70024004C004024
:10D6A000F8B700240078004014B80024007C004043
:10D6B00030B800242DE9F04180460D4614461F463F
:10D6C000607A002876D1EFB92846FEF7F8FD20727F
:10D6D000207840B1207A2178884204D02846FEF78D
:10D6E000FAFDBDE8F081E179A079401E814209D1BF
:10D6F000002604E02846FEF7EEFD701CC6B2E07975
:10D70000B042F7DC012FDDD12846FEF709FEE071BB
:10D71000E079A17888420BD0E079E178884207D09F
:10D72000E0792179884203D0E079617988422ED16D
:10D73000E07960B3E079E16809680870002608E0E4
:10D740002846FEF7C8FDE1680A68711C5054701C39
:10D75000C6B2E079B042F3DC607850B1E0680068AE
:10D76000E179405C6178884203D00020E168096873
:10D7700008702846FEF7D4FDE071E0680068007884
:10D7800070B3002229464046FFF7D8FE33E0A07868
:10D7900028B1E07818B1207908B1607908BBE07948
:10D7A000E168096808702846FEF789FDA52822D19E
:10D7B000002609E02EE02846FEF78DFDE1680A68A4
:10D7C000711C5054701CC6B2E079B042F3DCE068C2
:10D7D0000068007820B1002229464046FFF7AEFEDF
:10D7E00009E0002604E02846FEF775FD701CC6B26D
:10D7F000E079B042F7DCE179A079401E814209D19D
:10D80000002604E02846FEF766FD701CC6B2E079EB
:10D81000B042F7DC607A01287ED1012F7DD16868A3
:10D820000068A549884258D068680068A249183144
:10D83000884252D0686800689F49303188424CD095
:10D84000686800689C494831884246D0686800682A
:10D8500099496031884240D06868006896497831BB
:10D8600088423AD06868006893499031884234D041
:10D87000686800689049A83188422ED068680068BE
:10D880008E49884229D0686800688C4918318842DE
:10D8900023D0686800688949303188421DD06868A3
:10D8A000006886494831884217D068680068834913
:10D8B0006031884211D068680068804978318842B8
:10D8C0000BD0686800687D499031884205D068684F
:10D8D00000687A49A831884208D168680068006801
:10D8E00020F0010069680968086007E0686800685E
:10D8F000006820F00100696809680860A07969681B
:10D9000009684968401AE071A07969680968486047
:10D9100068680068006801E0CCE0BCE000F400202A
:10D9200048B968680068006840F4002069680968C0
:10D930000860002608E068680068006820F400209D
:10D940006968096808600126686800685A49884261
:10D9500058D06868006858491831884252D06868C1
:10D9600000685549303188424CD068680068524997
:10D970004831884246D0686800684F496031884223
:10D9800040D0686800684C49783188423AD068686D
:10D99000006849499031884234D068680068464937
:10D9A000A83188422ED0686800684449884229D04E
:10D9B0006868006841491831884223D06868006867
:10D9C0003E49303188421DD0686800683B49483183
:10D9D000884217D06868006838496031884211D0A1
:10D9E000686800683549783188420BD068680068FB
:10D9F00032499031884205D0686800682F49A831C3
:10DA0000884208D168680068006840F001006968D1
:10DA10000968086007E068680068006840F0010075
:10DA2000696809680860E079A17888420BD0E079DC
:10DA3000E178884207D0E0792179884203D0E07903
:10DA40006179884226D1E07920B3E079E16851F824
:10DA500026100870207848B1E06850F82600407819
:10DA60002178884202D00020E0713AE6607850B117
:10DA7000E06850F82600E179405C6178884202D085
:10DA80000020E0712DE6E07920B13246294640467B
:10DA9000FFF754FD00BFE179A079401E814209D112
:10DAA000002604E02846FEF716FC701CC6B2E0799A
:10DAB000B042F7DC00BF14E6100002401004024040
:10DAC00010B586B00446002050210190CDE9020136
:10DAD000049003460246A5210090204602F0FBFD7B
:10DAE0000446002020211023CDE901300093CDE928
:10DAF00003100F2302465A2104F1100002F0EBFD3F
:10DB0000A0F11004002026210190CDE9020104902B
:10DB1000122302460146009004F1200002F0DBFDD2
:10DB2000A0F120040020FF210190CDE90201049022
:10DB300003460246A521009004F1300002F0CBFD1F
:10DB4000A0F13004002020218023CDE90130CDE96F
:10DB5000031040200B460022A521009004F1400054
:10DB600002F0B9FDA0F14004204606B010BD704798
:10DB70007047704770B5A6B00446FEF759F8606567
:10DB8000002084F8AB04F3EE042AB7EE002AF0EE8E
:10DB9000001A9FED6A1ADFED6A0A9FED6A0A0122F8
:10DBA00004F1B401684803F09FFCF3EE042AB7EED9
:10DBB000002AF3EE041A9FED611ADFED600ABFEE52
:10DBC000080A012204F525715F4803F08DFC9FEDE2
:10DBD0005F0A84ED180A0020054624E05C482946C7
:10DBE00001EBC103426802EB430205EB850104F13E
:10DBF000640040F8212005EB8502A03000EB021103
:10DC0000DFED542A9FED542ADFED541A9FED4B1A95
:10DC1000DFED530A9FED530A01224B4803F064FCE9
:10DC2000681CC0B20546042DD8DBDFED4A2A9FED03
:10DC30004E2ADFED4C1A9FED411ADFED400A9FEDB1
:10DC40004B0A012204F511713F4803F04DFCB2EE7E
:10DC5000040A04F5866080ED060ABAEE040A80ED37
:10DC6000070AB2EE040A80ED080ABAEE040A80ED53
:10DC7000090AB7EE001AF7EE000AB6EE000A0BA882
:10DC800006F0D0F8B7EE081AF7EE080AB7EE000A69
:10DC900008A806F0C7F8B0EE001AF0EE040AB0EEDD
:10DCA000000A05A806F0BEF8B0EE001AF0EE0C0A65
:10DCB000B0EE080A02A806F0B5F804F58E6502A8D1
:10DCC00007C80EAB07C305A807C811AB07C308A850
:10DCD00007C814AB07C30BA807C817AB07C30EA828
:10DCE00011AB14AA17A900901AA806F0B5F81AAE3D
:10DCF000002008E006EB800191ED000A05EB8001B1
:10DD000081ED000A401C0C28F4DB1AA800BF17A8FC
:10DD100000BF14A800BF11A800BF0EA800BF00BF1D
:10DD2000204600F001FC02A800BF05A800BF08A81B
:10DD300000BF0BA800BF26B070BD000000000000AF
:10DD40006F12833ACDCC4C3DF80200248FC2F53CD3
:10DD5000786D002400803B450000FA4500008046B5
:10DD60000000C84200409C4600007A449A9919BFBE
:10DD700070B50446002504F244431A1F111F2046C3
:10DD800000F0C0FE04F56D7090ED1D1AF0EE410A32
:10DD90003B48D0F8DC00B0F8480001EE100AB8EEBD
:10DDA000411AB0EE410A04F52571364803F070FAC5
:10DDB00094EDAE0A84EDF30A00BF1EE005EB850288
:10DDC00004F1640000EB820090ED031AF0EE410ACA
:10DDD00005EB850204F1640000EB820090ED021A6D
:10DDE000B0EE410A05EB850204F5827000EB0211EA
:10DDF000244803F04DFA681CC5B2042DDEDB94ED17
:10DE00004A0A04F56D7080ED190A94ED5E0A80ED02
:10DE10001A0A94ED720A80ED1B0A94ED860A80EDD1
:10DE20001C0AFEF797F804F56D7090ED190ABDEE27
:10DE3000C00A10EE100A01B27420015304F56D708F
:10DE400090ED1A0ABDEEC00A10EE100A01B2A4F855
:10DE5000881004F56D7090ED1B0ABDEEC00A10EE3F
:10DE6000100A01B2A4F89C1004F56D7090ED1C0A24
:10DE7000BDEEC00A10EE100A01B2A4F8B01070BDD9
:10DE8000586A0024F802002470B52DED028B044678
:10DE90000D461646D5ED000AB0EE600A06F056F8BB
:10DEA00030B9D6ED000AB0EE600A06F04FF810B1B6
:10DEB000BDEC028B70BD40F2A140005D002870D126
:10DEC0000023012204F11C01084603F0DEFBC8B95F
:10DED0000023012204F11F01C81E03F0D6FB88B9FC
:10DEE0000023012204F12201881F03F0CEFB48B970
:10DEF0000023012204F1250104F11C0003F0C5FBFD
:10DF000000286CD0012140F2A940015501231A4696
:10DF100004F11C01084603F0B8FB68B1D4EDF60A21
:10DF2000B0EE600A03F024FCD4ED180A20EE200ABB
:10DF3000B34880ED000A1CE001231A4604F11F01DA
:10DF4000C81E03F0A2FB78B1D4EDF60AB0EE600A69
:10DF500003F00EFCD4ED180AF1EE600A20EE200A60
:10DF6000A74880ED000A04E09FEDA60AA44880EDD2
:10DF7000000A01231A4604F12201881F03F085FBE1
:10DF800080B1D4EDF60AB0EE600A03F0F1FBD4EDF7
:10DF9000180AF1EE600A20EE200A9B4880ED000A84
:10DFA00027E057E001231A4604F1250104F11C0083
:10DFB00003F06BFB68B1D4EDF60AB0EE600A03F033
:10DFC000D7FBD4ED180A20EE200A8F4880ED000A16
:10DFD0000FE09FED8C0A8C4880ED000A09E09FED70
:10DFE000890A874880ED000A9FED860A864880ED01
:10DFF000000A04F5866090ED0D0ADFED840A20EE3C
:10E00000200A7F48D0ED000A9FED811A00EE810AB8
:10E0100080ED000A04F5866090ED0E0ADFED7B0AC4
:10E0200020EE200A7848D0ED000A9FED791A00EE24
:10E03000810A80ED000A724890ED000A04F58660BE
:10E0400080ED0D0A704890ED000A04F5866080EDC1
:10E050000E0A9BE0606DB0F9060002281ADDD4EDCF
:10E06000F60AB0EE600A03F083FBD4ED180A60EE06
:10E07000200A606DB0F9060000EE100AB8EEC00A82
:10E0800020EE800ADFED630A80EE201A5C4880ED06
:10E09000001A2DE0606DB0F9060010F1020F22DACF
:10E0A000D4EDF60AB0EE600A03F062FBD4ED180A74
:10E0B000F1EE600A60EE208A606DB0F9060000EEB5
:10E0C000100AB8EEC00ADFED530A80EE201AB0EE57
:10E0D000418AB0EE480A03F045FB28EE800A484822
:10E0E00080ED000A04E09FED470A454880ED000AF4
:10E0F000606DB0F9040002281ADDD4EDF60AB0EE26
:10E10000600A03F035FBD4ED180A60EE200A606D5A
:10E11000B0F9040000EE100AB8EEC00A20EE800A42
:10E12000DFED3C0A80EE201A374880ED001A2DE022
:10E13000606DB0F9040010F1020F22DAD4EDF60A96
:10E14000B0EE600A03F014FBD4ED180AF1EE600A99
:10E1500060EE208A606DB0F9040000EE100AB8EE9F
:10E16000C00ADFED2C0A80EE201AB0EE418AB0EE34
:10E17000480A03F0F7FA28EE800A234880ED000AE7
:10E1800004E09FED200A204880ED000A1C4890ED35
:10E19000000ADFED210AB4EEE00AF1EE10FA0CD22B
:10E1A00090ED000ADFED1D0AB4EEE00AF1EE10FA80
:10E1B00003DD9FED140A80ED000A134890ED000A7C
:10E1C000DFED150AB4EEE00AF1EE10FA0CD290ED94
:10E1D000000ADFED120AB4EEE00AF1EE10FA03DDF8
:10E1E0009FED080A80ED000A054890ED000A85EDD4
:10E1F000000A054890ED000A86ED000A00BF57E6C8
:10E20000400100240000000044010024A4707D3F70
:10E210000AD7233C000025440F3EF83C0F3EF8BCD3
:10E2200010B50446606D807A012808D1606DC07A0F
:10E23000032804D1002140F2A140015503E001214F
:10E2400040F2A140015540F2A140005D00287CD180
:10E250000123002204F1430104F11C0003F015FA2C
:10E2600010B1002084F8AB040123002204F1400126
:10E2700004F11C0003F009FAA8B194F8AB0438B11A
:10E2800094F8AB04012803D094F8AB04042803D11C
:10E29000032084F8AB0406E094F8AB04032802D111
:10E2A000012084F8AB040123002204F13A0104F1B7
:10E2B0001C0003F0EAF980B194F8AB04042806D0FE
:10E2C00094F8AB0418B1042084F8AB0405E094F88A
:10E2D000AB0410B1032084F8AB0404F2A243002283
:10E2E00004F14F0104F11C0003F0BAF940B104F24B
:10E2F000A343002204F1310104F11C0003F0B0F942
:10E300000123002204F1490104F11C0003F0BDF9CE
:10E3100010B101207849087004F2A443002204F1EE
:10E32000340104F11C0003F09BF904F2A543002220
:10E3300004F12E0104F11C0003F092F950B104F233
:10E34000A643012204F14C0100E016E004F11C0098
:10E3500003F086F904F2A743012204F12B0104F132
:10E360001C0003F07DF904F59563012204F12801F6
:10E3700004F11C0003F074F902E0002184F8581441
:10E38000606D807A022802D1002084F8AB04606DB1
:10E39000807A032807D1606DC07A022803D1032058
:10E3A00084F8AB040FE0606D807A03280BD1606DB8
:10E3B000C07A032807D1042084F8AB04B7EE000A22
:10E3C0004E4880ED000A606D807A01280BD1606DA7
:10E3D000C07A022807D1082084F8AB04B7EE000AFF
:10E3E000464880ED000A606D807A01286CD1606D2E
:10E3F000C07A032868D1606DB0F90200B0F5167FCD
:10E4000002DD01203E4908703D480078012812D104
:10E41000606D408878B9002039490870394890ED1E
:10E42000000AB7EEC00A9FED381B30EE010BB7EEC5
:10E43000C00B80ED000A606DB0F9020010F5167F88
:10E4400002DA02202E4908702D480078022812D1E5
:10E45000606D408878B9002029490870294890EDFE
:10E46000000AB7EEC00A9FED281B30EE410BB7EE55
:10E47000C00B80ED000A234890ED000AB7EEC00AF9
:10E480009FED231BB4EEC10BF1EE10FA03DD9FEDFF
:10E49000220A80ED000A1B4890ED000AB7EEC00A80
:10E4A0009FED1E1BB4EEC10BF1EE10FA03D29FEDEF
:10E4B0001D0A80ED000A072084F8AB04B7EE000ABD
:10E4C0000E4880ED000A12E0606D807A012803D1C9
:10E4D000606DC07A01280AD0606D807A012806D16B
:10E4E000606DC07A032802D10120034908702046DC
:10E4F00000F054FB10BD00000402002418010024A9
:10E500002C010024280100247B14AE47E17A843FCB
:10E51000CDCCCCCCCCCCEC3F6666663F33333333CA
:10E520003333D33F9A99993E70B52DED028B044653
:10E5300000259FED7A0A04F5866080ED0B0A00BF86
:10E5400041E005EB850104F1640050F82100B0F9C9
:10E55000020000EE100AB8EEC00ADFED710A20EEEC
:10E56000200A05EB850104F1640000EB810080EDD9
:10E57000020A05EB850104F5827000EB011090EDB5
:10E580000E0ADFED680A20EE200A05EB850104F192
:10E59000640000EB810080ED010A05EB850104F1C8
:10E5A000640000EB810090ED020A00BFF0EEC00AAB
:10E5B00000BF04F5866090ED0B0A30EE800A80ED16
:10E5C0000B0A681CC5B2042DBBDB04F5866090ED18
:10E5D0000B0AF1EE000A80EE201A80ED0B1A524869
:10E5E000D0F8DC00017D84F8581404F56D70FDF757
:10E5F000E3FD4E48D0F8180290ED010AB1EE400A52
:10E6000084ED170AD4ED170AF1EE600AB0EE600A45
:10E61000F1F790FFF0EE408AD4ED170AF1EE600AB0
:10E62000B0EE600AF1F74AFFB0EE408A94ED1B0AA3
:10E63000B1EE400AD4ED200A30EE200AD4ED250ACE
:10E6400030EE200AD4ED2A0A30EE600AF1EE480AD4
:10E6500020EE200ADFED360A20EE200AD4ED1B0A58
:10E6600094ED201A70EE810A94ED251A70EEC10A1D
:10E6700094ED2A1A70EEC10A60EEA80A9FED2C1ADA
:10E6800000EE810A04F5806080ED0C0A94ED1B0A0F
:10E69000B1EE400AD4ED200A30EE200AD4ED250A6E
:10E6A00030EE200AD4ED2A0A30EE600AF1EE680A54
:10E6B00020EE200ADFED1E0A20EE200AD4ED1B0A10
:10E6C00094ED201A70EE810A94ED251A70EEC10ABD
:10E6D00094ED2A1A70EEC10A60EE880A9FED141AB2
:10E6E00000EEC10A303080ED010A94ED1B0AD4ED32
:10E6F000200A30EE200AD4ED250A30EE200AD4EDAF
:10E700002A0A30EE200AB1EE400ADFED0A0A20EEB6
:10E71000200A80ED020ABDEC028B70BD00000000F3
:10E720000A01DA390000FA43586A0024445F0024E1
:10E730008A8EE43CDC46833D2DE9F0412DED028BD1
:10E7400004460E4617461D4694F8AB0460B99FED8B
:10E75000DF0A86ED000A9FEDDD0A87ED000A9FEDD6
:10E76000DB0A85ED000A51E194F8AB04012814D1CD
:10E770003A4631462046FFF787FBD4ED170AB0EE44
:10E78000600ADFEDD20A04F51171D14802F080FD74
:10E7900094ED9A8A85ED008A38E194F8AB04032859
:10E7A00005D13A4631462046FFF76EFB2EE194F83C
:10E7B000AB04042849D13A4631462046FFF764FBB2
:10E7C000C44890ED000AC448D0ED000AC34890ED5B
:10E7D000001A00EE810ABF4880ED000A90ED000AA1
:10E7E000DFEDBF0AB4EEE00AF1EE10FA04DBBFEE93
:10E7F000000ABA4880ED000AB64890ED000AB5EE6E
:10E80000C00AF1EE10FA04D8B7EE000AB34880ED62
:10E81000000AD4EDF60AB0EE600A02F0A9FFB14892
:10E82000D0ED000A20EE200AAF48D0ED000A20EE1D
:10E83000200A85ED000AB6EE000A85ED000A95ED86
:10E84000000AAA4880ED000AE0E094F8AB0407282B
:10E8500045D1A04890ED000A9F48D0ED000A9F489E
:10E8600090ED001A00EE810A9A4880ED000A90EDC2
:10E87000000ADFED9B0AB4EEE00AF1EE10FA04DBC9
:10E88000BFEE000A954880ED000A924890ED000A1C
:10E89000B5EEC00AF1EE10FA04D8B7EE000A8F48C0
:10E8A00080ED000AD4EDF60AB0EE600A02F060FFD7
:10E8B0008C48D0ED000A20EE200A8B48D0ED000AEB
:10E8C00020EE200A85ED000A894890ED000A85EDCA
:10E8D000000A95ED000A854880ED000A96E094F85C
:10E8E000AB0408284AD13A4631462046FFF7CCFA15
:10E8F000784890ED000A7848D0ED000A774890ED0E
:10E90000001A00EE810A734880ED000A90ED000ABB
:10E91000DFED730AB4EEE00AF1EE10FA04DBBFEEAD
:10E92000000A6E4880ED000A6A4890ED000AB5EED4
:10E93000C00AF1EE10FA04D8B7EE000A674880ED7D
:10E94000000AD4EDF60AB0EE600A02F011FF654845
:10E95000D0ED000A20EE200A6348D0ED000A20EE38
:10E96000200A85ED000A624890ED000A85ED000A54
:10E9700095ED000A5D4880ED000A47E094F8AB048D
:10E98000062843D1012140F2AA400155594890ED93
:10E99000090A86ED000A90ED0A0A87ED000A90F850
:10E9A000300001281ED1D4EDF60AB0EE600A02F064
:10E9B000DFFEB7EEC00A4B4890ED001AB7EEC11A61
:10E9C0009FED4D2B21EE021B20EE010B464890EDF2
:10E9D000001AB7EEC11A20EE010BB7EEC00B85EDA1
:10E9E000000A13E0434890F8310001280ED1D4ED1D
:10E9F000170AB0EE600ADFED350A04F511713448EC
:10EA000002F046FC94ED9A0A85ED000A96ED000AA4
:10EA1000B5EEC00AF1EE10FA02DD96ED000A03E051
:10EA200096ED000AB1EE400A04F58660D0ED0C0ABE
:10EA3000B4EEE00AF1EE10FA16DA97ED000AB5EE40
:10EA4000C00AF1EE10FA02DD97ED000A03E097ED3F
:10EA5000000AB1EE400A04F58660D0ED0C0AB4EE6F
:10EA6000E00AF1EE10FA2CDB95ED000AB5EEC00AD3
:10EA7000F1EE10FA02DD95ED000A03E095ED000AD3
:10EA8000B1EE400AF6EE000AB4EEE00AF1EE10FA3A
:10EA900017DB96ED000ADFED1A0A20EE200A86ED5C
:10EAA000000A97ED000ADFED160A20EE200A87ED36
:10EAB000000A95ED000AF6EE000A20EE200A85ED28
:10EAC000000ABDEC028BBDE8F081000000000000F0
:10EAD000F8020024080100240C0100241001002485
:10EAE0000000704238010024180100242401002491
:10EAF00028010024586A0024666666666666E63F5A
:10EB00003333333F10B5D1ED001AB0EE610AD2EDC8
:10EB1000001AF0EE610AD3ED001AB0EE611ADFEDD3
:10EB20001C1A60EE211A9FED1A2A42EE201A9FED60
:10EB3000192A42EE411AC0ED1C1ADFED171A60EED9
:10EB4000211A9FED132A42EE201A9FED122A42EE5F
:10EB5000411AC0ED211ADFED101A60EE211A9FED67
:10EB60000C2A42EE601A9FED0B2A42EE411AC0EDCC
:10EB7000261ADFED071A60EE211A9FED052A42EEF4
:10EB8000601A9FED042A42EE411AC0ED2B1A10BD07
:10EB900011360F418FC2794011360FC110B50446AE
:10EBA0005A48D0F8DC00C07CA0B15848D0F8DC004E
:10EBB000B0F8150070B9002084F8AB04002140F2D1
:10EBC000A9400155401E0155401F0155504951486B
:10EBD00002F09CFC11215048FDF7B2F928B14B48D6
:10EBE000D0F8DC00B0F81D0088B904F58E614FF450
:10EBF0009563185D94F8582402EB800301EB8303BE
:10EC000093ED000A04F5866080ED0C0A57E00521BB
:10EC1000204602F058FDE8B340F2A940005D01280B
:10EC20004DD1002140F2A9400155401E005DC8B9F8
:10EC30003648D0F8DC00B0F81D0001EE100AB8EE3E
:10EC4000411AF0EE410A314890ED151AB0EE410A32
:10EC500004F1B4012F4802F01BFB04F5866080ED3F
:10EC60000C0A1FE04FF49560005D01281AD1274877
:10EC7000D0F8DC00B0F81D0001EE100AB8EE411A21
:10EC8000F0EE410A214890ED151AB0EE410A04F168
:10EC9000B40100E013E01F4802F0FAFA04F58660C0
:10ECA00080ED0C0A04F5866090ED0C0AB5EEC00A02
:10ECB000F1EE10FA03D29FED190A80ED0C0A04F56B
:10ECC000866090ED0C0ADFED160A20EE200AD0EDEA
:10ECD0000F0A9FED141A01EE200A80ED0C0A90ED48
:10ECE0000C0A80ED0F0A94F8AB0494F8AC14884237
:10ECF00000D110BD94F8AB0494F8AC14884203D052
:10ED000094F8AB0484F8AC0400BFF2E7586A00241E
:10ED1000C4570024F8020024D0670024000000003B
:10ED20003333333F9A99993E10B52DED028B84B061
:10ED300004469FED930A8DED030A9FED910A8DED38
:10ED4000020A9FED8F0A8DED010A9FED8D0AB0EE4C
:10ED5000408A9FED8B0AF0EE408A01AB02AA03A91C
:10ED60002046FFF7E9FC94F8AB0401282ED1D4ED3E
:10ED7000170AF1EE600AB0EE600AF1F7DBFBB0EEC5
:10ED8000408AD4ED170AF1EE600AB0EE600AF1F79E
:10ED900095FBF0EE408A9DED030A28EE800ADDED3A
:10EDA000020A08EE600A04F5866080ED030A9DED14
:10EDB000030A28EE000ADDED020A08EEA00A80ED43
:10EDC000040A9DED010A80ED050AD5E094F8AB0434
:10EDD00003282ED1D4ED170AF1EE600AB0EE600AD6
:10EDE000F1F7A8FBB0EE408AD4ED170AF1EE600A05
:10EDF000B0EE600AF1F762FBF0EE408A9DED030A87
:10EE000028EE800ADDED020A08EE600A04F586604D
:10EE100080ED030A9DED030A28EE000ADDED020AEB
:10EE200008EEA00A80ED040A9DED010A80ED050AB6
:10EE3000A2E094F8AB04042807D094F8AB040728A8
:10EE400003D094F8AB04082852D1D4ED170AF1EEA0
:10EE5000600AB0EE600AF1F76DFBB0EE408AD4EDC7
:10EE6000170AF1EE600AB0EE600AF1F727FBF0EE48
:10EE7000408A9DED030A28EE800ADDED020A08EEC5
:10EE8000600A04F5866080ED030A9DED030A28EE12
:10EE9000000ADDED020A08EEA00A80ED040A9DEDED
:10EEA000010A80ED050AD0ED061AB0EE611AD0ED28
:10EEB000071AF0EE610AD0ED031AB0EE610AFCF712
:10EEC00023FC04F5866080ED030AD0ED081AB0EE4D
:10EED000611AD0ED091AF0EE610AD0ED041AB0EE15
:10EEE000610AFCF711FC04F5866080ED040A43E03A
:10EEF00094F8AB0406282ED1D4ED170AF1EE600A7F
:10EF0000B0EE600AF1F716FBB0EE408AD4ED170AB6
:10EF1000F1EE600AB0EE600AF1F7D0FAF0EE408A46
:10EF20009DED030A28EE800ADDED020A08EE600A74
:10EF300004F5866080ED030A9DED030A28EE000AC1
:10EF4000DDED020A08EEA00A80ED040A9DED010A3B
:10EF500080ED050A10E094F8AB0468B99FED080A4B
:10EF600004F5866080ED030A9FED050A80ED040A32
:10EF70009FED030A80ED050A04B0BDEC028B10BDC5
:10EF80000000000010B50446204600BF044600BF44
:10EF9000B43000BFA0F1B404042350221149503012
:10EFA00002F026FCA0F5827400F5A07000BFA0F569
:10EFB0001174503000BFA0F52574503000BFA0F58B
:10EFC0003974503000BFA0F54D748030FDF736F92C
:10EFD000A0F56D747C3000F1400100BFA1F58E6496
:10EFE000204610BD71DB000810B5044604F58660AC
:10EFF00004F58E6100BFA1F58E64A1F59E7000BF7F
:10F00000A0F54D74503800BFA0F53974503800BFDA
:10F01000A0F52574503800BFA0F5117404235022C8
:10F020000549A0F5A070F1F781FC04F1B40000BF20
:10F03000A0F1B404204610BD73DB00082DE9F041B7
:10F040002DED028B84B007468846002600240EE092
:10F05000D04801F005FF0646CE4801F028FFC4B2B3
:10F060000C2C04DC04B0BDEC028BBDE8F081A52EB5
:10F07000EED1C84801F01BFFC4B20C2C00DCF1E754
:10F08000C44801F0EDFE0646A62E00D0EAE70B2CA0
:10F0900000DCE7E7002506E0BE4801F0E1FE01A93B
:10F0A0004855681CC5B2042DF6DB002506E0B948BA
:10F0B00001F0D6FE02A94855681CC5B2082DF6DB42
:10F0C0000198142845D015287ED0A0F207200028EA
:10F0D0007BD10198401FB049087008460178AF48BD
:10F0E00001F02FFB008805B2AB480178AB4801F076
:10F0F00028FB0581A8480178A84801F022FB9DF86B
:10F1000009109DF8082041EA02210180A2480178F7
:10F11000A24801F016FB9DF80B209DF80A1042EA68
:10F12000012109B241809C4801789C4801F009FB0B
:10F130009DF80D209DF80C1042EA012109B2818052
:10F1400095480178954801F0FCFA9DF80E10817100
:10F150001DE19248243001F012FB9DF8081001F0E7
:10F160000F0101708D48243001F009FB9DF8081053
:10F17000091141708948243001F001FB9DF80A20F3
:10F180009DF8091042EA012141608448243001F0D1
:10F19000F6FA9DF80B100A019DF80C1042EA2111B5
:10F1A00081607E48243001F0EAFA9DF80D209DF838
:10F1B0000C1001F00F0142EA0121C16077482430B0
:10F1C00001F0DDFA102101E053E0DFE0DFED740A29
:10F1D0009FED740A45682846FCF707FAB0EE408AAE
:10F1E0006E48243001F0CBFA80ED018A6B48243060
:10F1F00001F0C5FA0C21DFED6C0A9FED6C0A856801
:10F200002846FCF7F2F9B0EE408A6448243001F059
:10F21000B6FA80ED028A6148243001F0B0FA0C2180
:10F22000F2EE040ABAEE040AC5682846FCF7DDF9D6
:10F23000B0EE408A5948243001F0A1FA80ED038AEB
:10F240005648243001F09BFA9DF80E1000EE101A7B
:10F25000B8EE400A80ED040A5048243001F08FFADD
:10F260009DF80F1000EE101AB8EE400A80ED050A66
:10F270008DE04A48583001F082FA9DF8081001F0FC
:10F280000F0101704548583001F079FA9DF80810D7
:10F29000091141704148583001F071FA9DF80A2077
:10F2A0009DF8091042EA012141603C48583001F0C4
:10F2B00066FA9DF80B100A019DF80C1042EA211124
:10F2C00081603648583001F05AFA9DF80D209DF8BB
:10F2D0000C1001F00F0142EA0121C1602F485830A3
:10F2E00001F04DFA1021F2EE090ABAEE090A45685A
:10F2F0002846FCF77AF9B0EE408A2848583001F0E9
:10F300003EFA80ED018A2548583001F038FA0C2188
:10F31000F3EE0E0ABBEE0E0A85682846FCF765F987
:10F32000B0EE408A1D48583001F029FA80ED028A7B
:10F330001A48583001F023FA0C21F2EE040ABAEE12
:10F34000040AC5682846FCF750F9B0EE408A134815
:10F35000583001F014FA80ED038A1048583001F05B
:10F360000EFA9DF80E1000EE101AB8EE400A80ED6D
:10F37000040A0A48583001F002FA9DF80F1000EE16
:10F38000101AB8EE400A80ED050A00E000BF00BF89
:10F3900000BF67E658B60024F00100246C6D00241D
:10F3A000DC0F4940DC0F49C000003442000034C289
:10F3B0002DE9F0412DED028B84B0044688460027EC
:10F3C00000250EE0C94801F04BFD0746C74801F093
:10F3D0006EFDC5B20C2D04DC04B0BDEC028BBDE8A3
:10F3E000F081A52FEED1C14801F061FDC5B20C2D11
:10F3F00000DCF1E7BD4801F033FD0746A62F00D041
:10F40000EAE70B2D00DCE7E7002606E0B74801F04D
:10F4100027FD01A98855701CC6B2042EF6DB002614
:10F4200006E0B24801F01CFD02A98855701CC6B266
:10F43000082EF6DB40F203220198811A904211D087
:10F4400007DC14287ED0A0F2012048B101287AD12F
:10F4500007E0012907D0042945D0FE29F7D18BE028
:10F4600000BF00BF00BF0198401EA14908700846B8
:10F470000178A04801F065F9008806B29C4801783F
:10F480009C4801F05EF9068199480178994801F09D
:10F4900058F99DF809109DF8082041EA02210180E1
:10F4A00093480178934801F04CF99DF80B209DF8A2
:10F4B0000A1042EA012109B241808D4801788D4845
:10F4C00001F03FF99DF80D209DF80C1042EA012152
:10F4D00009B2818086480178864801F032F99DF8AA
:10F4E0000E108171FFE00198401F834908700846A3
:10F4F000017880480C3801F024F9008806B27E4873
:10F5000001787C480C3801F01CF906817A480178B2
:10F5100078480C3801F015F99DF809109DF808207D
:10F5200041EA022101807448017872480C3801F0E8
:10F5300008F99DF80B209DF80A1042EA012109B252
:10F54000418001E041E0CDE06B48017869480C382A
:10F5500001F0F7F89DF80D209DF80C1042EA01210A
:10F5600009B281806448017862480C3801F0E9F8FA
:10F570009DF80E108171B6E09DF8080084F85000E7
:10F580009DF80910512001559DF80A109DF80B00B7
:10F5900041EA002000EE100AB8EE400ADFED570AFB
:10F5A00020EE200A84ED150A9DF80C105820015514
:10F5B0009DF80D10592001559DF80E105A20015547
:10F5C00011214F48FCF7A2FB8DE04A48183001F0AA
:10F5D000D6F89DF8081001F00F0101704548183069
:10F5E00001F0CDF89DF8081009114170414818301C
:10F5F00001F0C5F89DF80A209DF8091042EA0121A2
:10F6000041603C48183001F0BAF89DF80B100A012F
:10F610009DF80C1042EA211181603648183001F043
:10F62000AEF89DF80D209DF80C1001F00F0142EA94
:10F630000121C1602F48183001F0A1F81021DFED41
:10F64000310A9FED310A46683046FBF7CEFFB0EE37
:10F65000408A2848183001F092F880ED018A254848
:10F66000183001F08CF80C21DFED280A9FED280AF4
:10F6700086683046FBF7B9FFB0EE408A1D48183067
:10F6800001F07DF880ED028A1A48183001F077F811
:10F690000C21F2EE040ABAEE040AC6683046FBF703
:10F6A000A4FFB0EE408A1348183001F068F880EDEE
:10F6B000038A1048183001F062F89DF80E1000EE31
:10F6C000101AB8EE400A80ED040A0A48183001F01A
:10F6D00056F89DF80F1000EE101AB8EE400A80EDB3
:10F6E000050A00E000BF00BF00BF75E6D0B60024E9
:10F6F000F1010024786D0024F2010024CDCCCC3D32
:10F70000D0670024DC0F4940DC0F49C000003442C0
:10F71000000034C22DE9FE43044688460027002538
:10F720000BE0864801F09CFB0746844801F0BFFBD4
:10F73000C5B20C2D01DCBDE8FE83A52FF1D17F48B9
:10F7400001F0B5FBC5B20C2D00DCF4E77B4801F0FD
:10F7500087FB0746A62F00D0EDE70B2D00DCEAE77C
:10F76000002606E0754801F07BFB0DF80600701CD2
:10F77000C6B2042EF6DB002606E0704801F070FBEE
:10F7800001A98855701CC6B2082EF6DB0098A0F2BD
:10F79000012000287DD001287CD0B0F58A7F7AD165
:10F7A0009DF8040084F860009DF805106120015563
:10F7B0009DF80610622001559DF8071084F863102B
:10F7C0009DF80810642001559DF8091084F8651013
:10F7D0009DF80A10662001559DF80B1084F86710FB
:10F7E00094ED240AB7EEC01AB4F9640000EE100AD2
:10F7F000B8EEC00B9FED522B10EE021BB7EEC10B03
:10F8000084ED220A94ED220ADFED4F0AB4EEE00AFD
:10F81000F1EE10FA07DD94ED230AF7EE000A30EE60
:10F82000600A84ED230A94ED220ADFED480AB4EE63
:10F83000E00AF1EE10FA07D294ED230AF7EE000A7F
:10F8400030EE200A84ED230A94ED230ADFED400A0E
:10F8500020EE200AB7EEC01AB4F9640000EE100AD8
:10F86000B8EEC00B9FED362B00EE021BB7EEC10BBE
:10F8700084ED250AB4F9660000EE100AB8EEC00A5D
:10F88000DFED340A20EE200A84ED260AB4F9640084
:10F8900002E00EE00EE04DE000EE100AB8EEC00B04
:10F8A0009FED271B20EE010BB7EEC00B84ED240A61
:10F8B00000BF00BF0098401E274908700846017825
:10F8C000264800F03EFF008806B22348017823480E
:10F8D00000F037FF068120480178204800F031FF12
:10F8E0009DF805109DF8042041EA022101801A4884
:10F8F00001781A4800F025FF9DF807209DF80610B2
:10F9000042EA012109B2418013480178134800F00E
:10F9100018FF9DF809209DF8081042EA012109B25C
:10F9200081800D4801780D4800F00BFF9DF80A100A
:10F93000817100E000BF00BF00BFFCE648B70024B3
:10F94000166881166881763F00008743000087C3F0
:10F950000000B44358A08B3AF3010024846D0024C6
:10F9600037B5054614460E48844203D1284601990E
:10F9700000F020F80B48844206D100231A4601A962
:10F980000948006803F01CFD0848844206D10023A2
:10F990001A4601A90648006803F012FD3EBD0000AA
:10F9A00030B8002414B800244C000024F8B7002418
:10F9B0005000002430B50B78304A13704A78A52ADD
:10F9C00052D1002211E0D41C0D5D00F1E804A554D1
:10F9D000D41D0D5D00F1E404A55402F10B040D5D8E
:10F9E00000F1EC04A554541CE2B2042AEBDB8A7843
:10F9F0000AB1012200E0002280F8342090ED3A0A9A
:10FA000080ED0E0A90ED390A80ED0F0A90ED3B0A69
:10FA100080ED100A002213E002F110040D5D00F1E8
:10FA2000F004A55402F114040D5D00F1F404A55492
:10FA300002F118040D5D00F1F804A554541CE2B263
:10FA4000042AE9DBCC7B302214540C7F312214547D
:10FA500090ED3C0A80ED090A90ED3D0A80ED0A0A1E
:10FA600090ED3E0A80ED0B0A012204E08C5C044D0F
:10FA7000AC54541CE2B2112AF8DB30BDBC010024A6
:10FA8000906B002410B5044607480849C1F8E0000F
:10FA9000FBF71AFCFBF784FDFBF74CFEFBF7D0FFEE
:10FAA000C4F8DC0010BD00004CB80024586A0024E3
:10FAB00070B504461948D0F8DC00C07CA083174814
:10FAC000D0F8DC00C07C642807DA1448D0F8DC00E9
:10FAD000C07C00F58070E0830BE01048D0F8DC00BB
:10FAE000C07C642190FBF1F201FB120000F5B270C2
:10FAF000E0830B480078012805D184F8300000200D
:10FB00000749087002E0022084F8300003F044FF47
:10FB100005462946204601F0F5FD70BD586A0024CF
:10FB20000402002410B5044602E0012002F0CEF8E1
:10FB30000348D0F8DC00C07C0028F6D010BD0000DF
:10FB4000586A002401B58EB000200D90E6E0002038
:10FB50004FF4C873CDE9073009900A904FF4347020
:10FB600019464FF42F720523CDE90332CDE9051074
:10FB7000082104220E98C08BCDE9012100900E9837
:10FB8000808B0346002201210C90FEA0FBF7F2FBC4
:10FB900000204FF4C873CDE9073009900A904FF464
:10FBA0004D7019465A000523CDE90332CDE9051001
:10FBB00008210E98C08BCDE9013100900E98808B02
:10FBC0000346002201210C90F0A0FBF7D3FB00209C
:10FBD0004FF4C873CDE9073009900A904FF466706E
:10FBE00019464FF461720523CDE90332CDE90510C2
:10FBF000082106220E98C08BCDE9012100900E98B5
:10FC0000808B0346002201210C90E2A0FBF7B2FB9F
:10FC100000204FF4C873CDE9073009900A904FF4E3
:10FC20007F7019464FF47A720523CDE90332CDE98E
:10FC30000510082107220E98C08BCDE90121009004
:10FC40000E98808B0346002201210C90D3A0FBF775
:10FC500091FB00204FF4C873CDE9073009900A905A
:10FC60004FF48C60194640F24C420523CDE9033233
:10FC7000CDE90510082107220E98C08BCDE901219E
:10FC800000900E98808B0346002201210C90C3A0A7
:10FC9000FBF770FB00206423CDE9073009900A9040
:10FCA00040F21E504FF4CD714FF491620A23CDE91A
:10FCB0000332CDE9051004210E98C08BCDE9000177
:10FCC00002910E98808B0346002201210C90B5A072
:10FCD000FBF750FB00206423CDE9073009900A9020
:10FCE00040F212204FF4CD714FF425720A23CDE972
:10FCF0000332CDE90510042105220E98C08BCDE911
:10FD0000012100900E98808B0346002201210C9067
:10FD1000A5A0FBF72FFB0D98401C0D900D98022815
:10FD2000FFF615AF00200D90FDE1002014224FF4E6
:10FD3000CD73CDE90620059308904FF4C8600321E8
:10FD40000822CDE90112CDE903100E98C08B009076
:10FD50000E98C08B0C900E98808B9FED950A0346F1
:10FD6000052201210B9093A0FBF78EF900201422AD
:10FD70004FF4CD73CDE90620059308904FF4C86089
:10FD800003210822CDE90112CDE903100E98C08BA2
:10FD900000900E98C08B0C900E98808B9FED840A7B
:10FDA0000346052201210B9082A0FBF76DF900208C
:10FDB00014224FF4B973CDE90620059308904FF44F
:10FDC000C86003210822CDE90112CDE903100E9885
:10FDD000C08B00900E98C08B0C900E98808B9FED7E
:10FDE000740A0346052201210B9073A0FBF74CF91E
:10FDF00000206423CDE9073009900A904FF4FA708F
:10FE000019460A23CDE90330CDE905100821032264
:10FE10000E98C08BCDE9012100900E98808B03468F
:10FE2000002201210C9065A0FBF7A4FA00204FF4FA
:10FE30000773CDE9073009900A904FF470701946A6
:10FE40000A23CDE90330CDE90510082103220E98DD
:10FE5000C08BCDE9012100900E98808B03460022D3
:10FE600001210C9056A0FBF785FA002040F2EE230A
:10FE7000CDE9073009900A90782040F271211123D2
:10FE8000CDE90330CDE90510002103220E98C08B87
:10FE9000CDE9012100900E98808B03460A4601218E
:10FEA0000C9048A0FBF766FA0020C823CDE9073084
:10FEB00009900A904FF46B704FF461710123CDE902
:10FEC00003300322CDE905100E98C08B8DE80D009C
:10FED0000E98808B0346002201210C903AA0FBF77C
:10FEE00049FA0020C823CDE9073009900A904FF461
:10FEF00070704FF461710123CDE90330CDE9051035
:10FF0000082104220E98C08BCDE9012100900E98A3
:10FF1000808B0346002201210C901EA0FBF72AFAD9
:10FF20000020C823CDE9073009900A904FF475707E
:10FF30004FF461710123CDE903300622CDE90510AC
:10FF40000E98C08B8DE80D000E98808B0346002222
:10FF500001210C9011A0FBF70DFA002040F2C7130D
:10FF6000CDE9073009900A9040F2DE30194640F2A0
:10FF70007A320123CDE90332CDE9051003220E9830
:10FF8000C08B23E04C493131000000004C49313234
:10FF9000000000004C493133000000004C4931346E
:10FFA000000000004C4939004C493130000000008D
:10FFB00000000000766F00006C6900002000000067
:10FFC0004C6934004C6935004C4936008DE80D0011
:10FFD0000E98808B0346002201210C9055A0FBF760
:10FFE000C9F9002040F2B313CDE9073009900A9017
:10FFF00040F2DE30194640F27A320123CDE9033275
:020000040801F1
:10000000CDE9051003220E98C08B8DE80D000E98E7
:10001000808B0346002201210C9047A0FBF7AAF930
:10002000002040F29F13CDE9073009900A9040F27A
:10003000DE30194640F27A320123CDE90332CDE9B0
:10004000051003220E98C08B8DE80D000E98808B52
:100050000346002201210C90AFF2B800FBF78AF9A9
:10006000002040F28B13CDE9073009900A9040F24E
:10007000DE30194640F27A320123CDE90332CDE970
:10008000051003220E98C08B8DE80D000E98808B12
:100090000346002201210C90AFF2F400FBF76AF94D
:1000A000002040F27713CDE9073009900A9040F222
:1000B000DE30194640F27A320123CDE90332CDE930
:1000C000051004220E98C08B8DE80D000E98808BD1
:1000D0000346002201210C90AFF25810FBF74AF9B9
:1000E000002040F26313CDE9073009900A9040F2F6
:1000F000DE30194640F27A320123CDE90332CDE9F0
:10010000051004220E98C08B8DE80D000E98808B90
:100110000346002201210C90AFF29010FBF72AF960
:100120000D98401C0D900D980528FFF6FEAD0FB000
:1001300000BD00004C4937004C49380001B594B06F
:10014000FE4890ED170AB1EE400ADFEDFD0A30EEF1
:10015000200A8DED0B0A9DED0B0AF0F7EBF99FEDF0
:10016000F91ADFEDF90A40EE410ABCEEE00A8DED26
:10017000130AF24890ED170AF1EE400A9FEDF00ADB
:1001800030EE800A8DED0B0A9DED0B0AF0F796F923
:100190009FEDEC1ADFEDED0A40EE010ABCEEE00A3D
:1001A0008DED0F0AE54890ED170AB1EE400ADFED3C
:1001B000E80A30EE200A8DED0B0A9DED0B0AF0F7F0
:1001C0007DF99FEDE01ADFEDE00A40EE410ABCEE5A
:1001D000E00A8DED120AD94890ED170AF1EE400AB7
:1001E0009FEDDB0A30EE800A8DED0B0A9DED0B0AC8
:1001F000F0F7A0F99FEDD31ADFEDD40A40EE410AE3
:10020000BCEEE00A8DED0E0ACC4890ED170AB1EE77
:10021000400ADFEDCB0A30EE200A8DED0B0A9DED92
:100220000B0AF0F787F99FEDC71ADFEDC70A40EE1A
:10023000010ABCEEE00A8DED110AC04890ED170AE4
:10024000B1EE400ADFEDBE0A30EE200A8DED0B0A5A
:100250009DED0B0AF0F732F99FEDBA1ADFEDBB0AFC
:1002600040EE410ABCEEE00A8DED0D0AB34890ED78
:10027000170AB1EE400ADFEDB60A30EE200A8DED26
:100280000B0A9DED0B0AF0F719F99FEDAE1ADFEDA1
:10029000AE0A40EE010ABCEEE00A8DED100AA74856
:1002A00090ED170AF1EE400A9FEDA90A30EE800AA0
:1002B0008DED0B0A9DED0B0AF0F73CF99FEDA11AAD
:1002C000DFEDA20A40EE010ABCEEE00A8DED0C0A59
:1002D000A04890F85800142875DA002014226423EE
:1002E000CDE906200593089040F2145003210191B6
:1002F0000291CDE903101498C08B0090954890F8B6
:10030000580000EE100AB8EE400A8DED0B0A149862
:10031000C08B0A901498808B09909DED0B0A0346C0
:10032000052202218CA0FAF7AFFE002014226423DC
:10033000CDE906200593089040F214500321019165
:100340000291CDE903101498C08B0090814890F879
:10035000580000EE100AB8EE400A8DED0B0A149812
:10036000C08B0A901498808B09909DED0B0A034670
:100370000522022178A0FAF787FE00206423CDE948
:10038000073009900A90734890F858004FF4FA71BA
:1003900001EBC00019464FF4FA720A23CDE903328B
:1003A000CDE9051003211498C08BCDE9000102911D
:1003B0001498808B0346002202210B9067A0FAF765
:1003C000D9FF0AE1FFE7634890F85800322877DA4E
:1003D000002014226423CDE906200593089040F202
:1003E000145003210222CDE90112CDE90310149823
:1003F000C08B0090574890F8580000EE100AB8EEF5
:10040000400A8DED0B0A1498C08B0A901498808BCB
:1004100009909DED0B0A0346052202214EA0FAF732
:1004200033FE002014226423CDE9062040F214514B
:100430000322059308900223CDE90123CDE903218E
:100440001498C08B0090434890F8580000EE100AB2
:10045000B8EE400A8DED0B0A1498C08B0A901498E0
:10046000808B09909DED0B0A0346052202213AA0DC
:10047000FAF70AFE00206423CDE9073009900A90BC
:10048000344890F858004FF4FA7101EBC000194657
:100490004FF4FA720A23CDE90332CDE905100221A7
:1004A00003221498C08BCDE9012100901498808B11
:1004B000034600220B9029A0FAF75CFF8DE0FFE7CE
:1004C000002014226423CDE906200593089040F211
:1004D000145003210122CDE90112CDE90310149833
:1004E000C08B00901B4890F8580000EE100AB8EE40
:1004F000400A8DED0B0A1498C08B0A901498808BDB
:1005000009909DED0B0A03460522022112A0FAF77D
:10051000BBFD002014226423CDE90620059308903A
:1005200040F2145003210122CDE90112CDE903105C
:100530001498C08B0090074812E000001057002468
:10054000920A063F0000C8420000F04200401C44EE
:10055000920A863F586A0024766F0000200000004F
:1005600090F8580000EE100AB8EE400A8DED0B0A24
:100570001498C08B0A901498808B09909DED0B0AFB
:10058000034605220221AFF23000FAF77DFD00207C
:100590006423CDE9073009900A90364890F8580056
:1005A0004FF4FA7101EBC00019464FF4FA720A23B6
:1005B000CDE90332CDE90510012103221498C08B47
:1005C000CDE9012100901498808B0346002202217E
:1005D0000B90AFF27800FAF7CDFE002014226423CE
:1005E000CDE90620059308904FF4AA60032102226A
:1005F000CDE90112CDE903101498C08B00901D487D
:1006000090ED150A8DED0B0A1498C08B0A90149882
:10061000808B09909DED0B0A03460522022116A04E
:10062000FAF732FD00209DED0F0A8DED070A0890C4
:1006300009900A909DED130ADDED0C0A9DED101A4C
:100640000D2003908DED041ACDED050A8DED060AFF
:10065000002103221498C08BCDE901210090149849
:10066000808B03460A4602210B9004A0FAF782FE13
:1006700015B000BD586A00246C6900004C69340054
:100680000A680260704710B52DED048B0446F0EE49
:10069000409AB0EE608AF0EE418AB0EE619A102086
:1006A00001F072F820602068C0ED009A206880EDAB
:1006B000018A2068C0ED028A206880ED039A2046F6
:1006C000BDEC048B10BD10B50446082001F05CF8A9
:1006D0002060204610BD2DE9F05F04460D46164609
:1006E0001F46DDE90BABDDF82890DDF8348025707E
:1006F0006670A77084F8039084F804A084F805B0AD
:1007000084F806800E986072082001F03DF8E060E1
:10071000404601F039F8E1680860404601F034F8DD
:10072000E16848602046BDE8F09F024601EBC10346
:10073000506800EB4300704703890B60837A1370A5
:100740007047024601F0030303EBC303506800EB5C
:10075000430070472DE9F04104460E4617461D46FA
:1007600026602781A57205EBC501480001F00CF851
:1007700060602046BDE8F081028E0A607047014645
:10078000C86A704770B52DED0A8B04460D461646B3
:10079000B0EE408BB0EE419BB0EE42ABB0EE43BA50
:1007A000B0EE63CAF0EE44BAF0EE64CA2560268665
:1007B00084ED018AC4ED028A84ED039AC4ED049AA3
:1007C00084ED05AAC4ED06AA84ED07BA84ED08CA33
:1007D000C4ED09BAC4ED0ACA182000F0D9FFE062DE
:1007E0002046BDEC0A8B70BD00F1440100BFA1F1B1
:1007F0004400503100BFA1F19400503100BFA1F17D
:10080000E400503100BFA1F59A70704700F59A716D
:1008100000BFA1F59A70503900BFA1F1E400503932
:1008200000BFA1F19400503900BFA1F1440070470E
:1008300010B50446FAF744FDFF2084F89C0000211F
:100840009D2001550121BA2001552448D0F8A0006F
:10085000C4F8A2009FED220A10EE100AC4F89E0010
:100860002048D0F8DC00D0F85300C4F8AF001D4891
:10087000B0F9640000EE100AB8EEC00B9FED1A1B31
:1008800020EE010BB7EEC00B10EE100AC4F8A60064
:100890001448D0F8DC00007A0109AA20015511485B
:1008A000D0F8DC00B0F8571004F19C00A4F8AB10AD
:1008B0004FF4C871A4F8AD100846A4F8BC000D218F
:1008C000BB2001554FF47A7104F19C00A4F8B310D9
:1008D000B2EE0C0A84ED0A0A10BD0000445F002449
:1008E00000000000586A0024166881166881763F6F
:1008F00070B5044618250521204600F0E4FE28B115
:10090000202204F19C010448FBF7F2FC1322034966
:100910000348FBF7EDFC70BD30B80024C05B002439
:1009200014B8002470B504467348D0F8DC00C07CCD
:10093000072802D06B2828D113E001219D20015502
:100940006D48D0F8DC00418D04F19C00A4F8AD1096
:100950006948D0F8DC00818F04F19C00A4F8B31042
:1009600014E000219D2001556348D0F8DC00418F40
:1009700004F19C00A4F8AD105F48D0F8DC00818D34
:1009800004F19C00A4F8B31000E000BF00BFA52054
:100990005A4908700A20A1F801000846C078401C96
:1009A000C87005215548FBF74FF840F20130534914
:1009B000A1F805005048D0F8DC00C17C4F48A0F8F1
:1009C000091048F28001A0F80B104FF490704B49C9
:1009D000A1F807000120C1F80D0013214748FBF7DB
:1009E000E5F84548D0F8DC00C07FC0F3400098B17E
:1009F0004148D0F8DC00406C00EE100AF7EE000A27
:100A0000B4EEE00AF1EE10FA06D33B48D0F8DC0071
:100A1000C07F00F0010018B9002084F8980016E0AB
:100A2000354890F850000F2804D0334890F8500013
:100A3000F02809D13048D0F8DC00007D012803DB24
:100A4000FF2084F8980002E0002084F898002C48E9
:100A500090F8AB0410B9002084F89800FF21992089
:100A600001552548D0F8DC00406C00EE100ABCEEC1
:100A7000C00A10EE100AC1B29A2001551E48D0F8E3
:100A8000DC00417F9B2001551B48D0F8DC00007A38
:100A90000109AA2001551848D0F8DC00B0F8571019
:100AA00004F19C00A4F8AB101348D0F8DC00D0F897
:100AB0005300144908601048D0F8DC00D0F8530007
:100AC00000EE100AB5EEC00AF1EE10FA04D10846A5
:100AD0000068C4F8AF0006E00748D0F8DC00D0F8A2
:100AE0005300C4F8AF0002F057FF054629462046E0
:100AF00000F008FE70BD0000586A0024C05B0024AE
:100B0000105700245C0100241CB50446204600BF99
:100B1000044604F14400FF2101700121417000BF2F
:100B2000A0F1440404F155005A2100F8551900BF02
:100B3000044604F16D00FF2101700221417000BFE5
:100B4000A0F16D0404F17100FF21017004214170D6
:100B500000BFA0F1710404F17500FF2101700821AC
:100B6000417000BFA0F17504F0EE001A9FED301A3D
:100B7000DFED2F0AB0EE000A04F1C000FFF783FD9D
:100B8000A0F1C004F7EE001A9FED291ADFED290A43
:100B9000B7EE000A04F1C400FFF775FDA0F1C4042C
:100BA000F7EE001A9FED221ADFED210AB7EE000AD8
:100BB00004F1C800FFF767FDA0F1C804F7EE001AC2
:100BC0009FED1B1ADFED1A0AB7EE000A04F1CC0004
:100BD000FFF759FDA0F1CC04DFED171A9FED141AB1
:100BE000DFED130A9FED150A04F1D000FFF74BFD6E
:100BF000A0F1D00404F1D000011F0B1F1A1FCDE992
:100C000000100C3904F5FA7000F02EF8A0F5FA7413
:100C100004F1D000011F0B1F1A1FCDE900100C3981
:100C200004F5267000F020F8A0F5267420461CBDBF
:100C3000000000006F12033B0000C843000048435F
:100C400000F11C0100BFA1F11C00503100BFA1F157
:100C50006C00704700F16C0100BFA1F16C005039CD
:100C600000BFA1F11C0070472DE9F04704460E4675
:100C700091461D46DDE90878201DFFF724FD041F7D
:100C800004F10800FFF71FFDA0F1080404F10C00B7
:100C9000FFF719FDA0F10C0404F11000FFF713FD9C
:100CA000A0F1100404F11400FFF70DFDA0F11404ED
:100CB00004F11800FFF707FDA0F1180404F11C006F
:100CC000FFF701FDA0F11C0404F12000FFF7FBFC7D
:100CD000A0F12004314604F12400FFF7D1FCA0F17B
:100CE000240404F12800FFF7EEFCA0F128042946B3
:100CF00004F12C00FFF7C4FCA0F12C04394604F1E8
:100D00003000FFF7BDFCA0F13004414604F134008F
:100D1000FFF7B6FCA0F134042046BDE8F08730B5FB
:100D2000034609B1086810B94FF0FF3030BD12B961
:100D30004FF0FF30FAE7C8888C88A04202D14FF00C
:100D4000FF30F3E7CC880868005D1070C888401C4D
:100D50000C8990FBF4F504FB1500C8800020E5E742
:100D600070B50446134609B1086810B94FF0FF305A
:100D700070BD8888401C0D8990FBF5F605FB1602B6
:100D8000C888904205D08D88086843558A80002025
:100D9000EEE74FF0FF30EBE770B506460C46154620
:100DA00004B115B94FF0FF3070BD206840B9284636
:100DB000EFF7FAFB2060206810B94FF0FF30F3E73F
:100DC0000020E080A080258100BFEDE72DE9F04103
:100DD00004460E46174607F0010000283CD004F1F7
:100DE0002C03224640213046F2F792FD002833D1F1
:100DF0002068A062204600F05AF8A065A52204F100
:100E000060012046FFF7ACFFA62204F160012046F6
:100E1000FFF7A6FF002509E004F12800425D04F178
:100E200060012046FFF79CFF681CC5B2042DF3DB70
:100E3000002509E004F12C00425D04F16001204628
:100E4000FFF78EFF681CC5B2082DF3DB206F18B1C9
:100E500004F12800216F8847BDE8F08101677047E1
:100E600038B50446002000906A4604F1600120462F
:100E7000FFF755FF9DF8000038BD4167704770B51A
:100E800004460D461646606F60630021A163E1636E
:100E90000821216400216164A164E1642165616528
:100EA0002A4604F13401E06EF2F792FC70BD01466F
:100EB0006820425A6420405A02446620405A121A5E
:100EC0006820405AB2FBF0F300FB1320704770B566
:100ED00004460E461546E66600202067AAB204F1D5
:100EE00060012046FFF758FFE565204670BD2DE9FB
:100EF000F04F2DED068B85B082460C46B0EE40AA31
:100F0000B0EE608AF0EE418AB0EE619AF0EE429A5D
:100F100094ED020AB0EE401A94ED010AF0EE400A98
:100F20001020B0EE4A0AFAF747FB85B294ED040AA6
:100F3000B0EE401A94ED030AF0EE400A0C20B0EE39
:100F4000480AFAF739FB86B294ED080AB0EE401A67
:100F500094ED070AF0EE400A0C20B0EE680AFAF7AA
:100F60002BFB87B294ED0A0AB0EE401A94ED090A01
:100F7000F0EE400A0C20B0EE490AFAF71DFB1FFA0A
:100F800080F894ED060AB0EE401A94ED050AF0EEF2
:100F9000400A0C20B0EE690AFAF70EFB1FFA80F93E
:100FA00028128DF80800E8B28DF80900C6F3071082
:100FB0008DF80A003007000E40EA27208DF80B005C
:100FC000F8B28DF80C00C8F307108DF80D004FEA49
:100FD0000870000E40EA29208DF80E0009F0FF008D
:100FE0008DF80F0004A92046FFF7C6FBD4F800B027
:100FF000082002AB009059465046049A00F078F859
:1010000005B0BDEC068BBDE8F08FF8B505460C4683
:1010100069462046FFF7B0FB2668009882B2FC23A1
:101020003146284600F098F8F8BD2DE9F04186B029
:1010300007460C4615461E46280A8DF80800E8B2F9
:101040008DF80900300A8DF80A00F0B28DF80B0017
:1010500000208DF80C008DF80D008DF80E008DF835
:101060000F0004AA05A92046FFF766FBD4F800800C
:10107000042002AB009041463846059A00F038F84B
:1010800006B0BDE8F0812DE9F04786B081460C46F8
:1010900015461E46DDE90E78280A8DF80800E8B2EC
:1010A0008DF80900300A8DF80A00F0B28DF80B00B7
:1010B000380A8DF80C00F8B28DF80D004FEA1820B0
:1010C0008DF80E0008F0FF008DF80F0004AA05A9A6
:1010D0002046FFF731FBD4F800A0082002AB0090B7
:1010E00051464846059A00F003F806B0BDE8F0877F
:1010F0002DE9F84306460C4617469846089D1048C9
:10110000844206D143463A460E493046009500F0E7
:1011100045F80D48844206D143463A460B493046CD
:10112000009500F03BF80A48844206D143463A460F
:1011300008493046009500F031F8BDE8F88300001A
:101140002003002458B60024C0030024D0B6002495
:101150006004002448B700242DE9FE4306460F46EC
:1011600014461D46FF208DF804008DF805008DF80B
:1011700006008DF807008DF808008DF809008DF83D
:101180000A008DF80B50A046082001AB42463946B4
:1011900000903046FFF7ACFFBDE8FE832DE9F0413B
:1011A00080460C4615461E46069FA9B22046FFF70C
:1011B00064FE3A4631462046FFF761FEBDE8F08105
:1011C00010B50446042340F2FF1228492046FFF7D9
:1011D000C1FA04460423DA01254904F10C00FFF7A3
:1011E000B9FAA0F10C0402231A02224904F11800F2
:1011F000FFF7B0FAA0F11804F1EE044A9FED1E4A81
:10120000DFED1E3A9FED1C3AF2EE042ABAEE042AF4
:10121000DFED1B1A9FED1B1ADFED1B0A9FED1B0A6A
:101220000622134904F12400FFF7ACFAA0F12404CC
:10123000F1EE044A9FED104ADFED103A9FED0E3AB1
:10124000F2EE042ABAEE042AF3EE0E1ABBEE0E1AE0
:10125000F2EE090ABAEE090A0722044904F158001D
:10126000FFF790FAA0F15804204610BD2003002497
:10127000C003002460040024000000000000FA43C2
:1012800000003442000034C2DC0F4940DC0F49C08A
:10129000B0EE401A11B99FED930A7047C1ED070AED
:1012A00081ED081A91ED120A81ED130A91ED110AF0
:1012B00081ED120A30EEC10A81ED110A0A78012A85
:1012C00077D191ED010AD1ED111A20EE210A81EDBD
:1012D0000B0A91ED110AB5EEC00AF1EE10FA02DD2B
:1012E00091ED110A03E091ED110AB1EE400AD1ED42
:1012F000061AB4EEE10AF1EE10FA09D291ED0C0AE9
:10130000D1ED021A91ED112A01EE820A81ED0C0A4B
:1013100091ED0F0A81ED100A91ED0E0A81ED0F0A91
:1013200091ED110AD1ED121A30EE610A81ED0E0A2B
:1013300091ED030AD1ED0E1A20EE210A81ED0D0A7E
:1013400091ED0C0AD1ED051AB4EEE10AF1EE10FAB6
:1013500004DD91ED050A81ED0C0A10E091ED0C0A17
:10136000D1ED051AF1EE611AB4EEE10AF1EE10FAD0
:1013700005D291ED050AB1EE400A81ED0C0A91ED1E
:101380000B0AD1ED0C1A30EE210AD1ED0D1A30EE18
:10139000210A81ED090A91ED090AD1ED041AB4EE92
:1013A000E10AF1EE10FA05DD91ED040A81ED090A7A
:1013B00094E011E091ED090AD1ED041AF1EE611A01
:1013C000B4EEE10AF1EE10FA05D291ED040AB1EEA5
:1013D000400A81ED090A81E00A78022A7ED191ED66
:1013E000110AD1ED121A30EE610AD1ED011A20EE88
:1013F000210A81ED0B0A91ED110AB5EEC00AF1EE5A
:1014000010FA02DD91ED110A03E091ED110AB1EE3F
:10141000400AD1ED061AB4EEE10AF1EE10FA08D254
:1014200091ED020AD1ED111A20EE210A81ED0C0A8C
:1014300003E09FED2C0A81ED0C0A91ED0F0A81ED7E
:10144000100A91ED0E0A81ED0F0A91ED110AD1ED0E
:10145000121AB0EE002A02EE610AD1ED131A30EE34
:10146000210A81ED0E0A91ED030AD1ED0E1A20EE4C
:10147000210A81ED0D0A91ED0B0AD1ED0C1A30EE27
:10148000210AD1ED0D1A30EE210A81ED0A0A91ED03
:10149000090AD1ED0A1A30EE210A81ED090A91ED0F
:1014A000090AD1ED041AB4EEE10AF1EE10FA04DDF6
:1014B00091ED040A81ED090A10E091ED090AD1EDE0
:1014C000041AF1EE611AB4EEE10AF1EE10FA05D257
:1014D00091ED040AB1EE400A81ED090A91ED090A85
:1014E000DBE600000000000001B970470A7081EDE2
:1014F000010AC1ED020A81ED031AC1ED041A81ED62
:10150000052AC1ED062A00BFEFE7000001B97047C8
:101510009FED100A81ED130A81ED120A81ED110A87
:101520009FED0C0A81ED100A81ED0F0A81ED0E0A84
:101530009FED080A81ED0D0A81ED0C0A81ED0B0A81
:1015400081ED090A9FED030A81ED070A81ED080A82
:1015500000BFDCE700000000F0B504460E46274659
:10156000002515E0B08A0121A940084038B105EBFB
:101570004500C2190121204600F040F806E005EBC5
:101580004500C2190021204600F038F8681CC5B299
:10159000102DE7DBB07C012806D104F130020121D7
:1015A000204600F02BF805E004F13002002120462F
:1015B00000F024F8F07C012806D104F13302012167
:1015C000204600F01BF805E004F13302002120461C
:1015D00000F014F8F0BD02460878012800D17047E9
:1015E0000020FCE703460878012801D1107003E0D1
:1015F000087808B90020107010787047012903D1CD
:1016000013780BB9012313701378012B05D121B97D
:1016100053785B1C53700023137070470246487860
:10162000012803DB0020487001207047002048702B
:1016300000BFFAE703464878012806DB107820B996
:10164000002048700120107008E04878012805DB70
:101650001078012802D1002048701070107870476F
:10166000F0B506460F4614461D462CB92A463946A3
:101670003046FFF7DFFF06E0012C04D12A46394649
:101680003046FFF7AFFF2878F0BDF0B507460D46AE
:1016900014461E46012E0ED12CB929463846FFF7B6
:1016A000BDFF03460DE0012C0BD129463846FFF75C
:1016B00092FF034605E00CB96B7802E0012C00D1E3
:1016C0002B781846F0BD10B50246107870B159B1AC
:1016D000107891FBF0F0C0B25368B3FBF0F400FB5C
:1016E000143008B9012010BD0020FCE739B1506862
:1016F000B0FBF1F301FB130008B90120F3E7002070
:10170000F1E70000C26802B9C160826802618160CD
:101710004268521C426003698268D21A00EE102AA5
:10172000F8EE400AB7EE001A81EE200ADFED0C0A4F
:1017300020EE200A80ED050AD0E90223D21A00EE3D
:10174000102AF8EE400A90ED010AB8EE401A81EE38
:10175000200ADFED030A20EE200A80ED060A70471A
:1017600000007A44F0EE400A00BFB0EEE00A704795
:1017700010B52DED028BB0EE408AB0EE480A00F0B5
:10178000F5F8BDEC028B10BD10B500F001F810BDEE
:1017900010B5040007D1012405E0EFF7DDF800687B
:1017A00000B9044880472046EEF7FEFE0028F4D03A
:1017B00010BD00005D0A000802480068C0F3022066
:1017C000704700000CED00E010B5002804DB0A07AC
:1017D000130E054A135406E00A07140E034A00F0DC
:1017E0000F031B1FD45410BD00E400E018ED00E00F
:1017F0002DE9F0411C4617460E00804607D00546ED
:1018000002E02846B0473D442046641EF9D24046D7
:10181000BDE8F081EFF305807047000010EE101A6C
:1018200008B5434A6846B2EB410F26D94FF0E6406F
:10183000B0EB410F94BF00204FF0FF3000900098B4
:10184000DFED3C0A002860DB10F0010F46D060EEAF
:10185000000ADFED391A9FED391A10F0020F00EE81
:10186000E11ADFED371A40EE811A21EEA01AF0EEF0
:10187000400A40EE010A2ED041E0324B21F00042F6
:1018800093423FD911F0004FDFED2F0A20EE201ACE
:10189000DFED2E0A19BF31EE601A71EE200A31EE2B
:1018A000201A71EE600ABDEEE01A11EE100A9FEDEB
:1018B000281A00F0030000EEC10A9FED261A0090DE
:1018C00000EEC10A9FED241A00EEC10A9FED231A13
:1018D00000EEC10AB3E7F1EE600A10E020EE000A64
:1018E0009FED1F1ADFED1F1A10F0020F40EE011AD4
:1018F0009FED1D1A00EE211A40EE010AEBD1B0EE69
:10190000600A08BD00F05AF899E710EE100A40008E
:10191000B0F17F4FF3D307D14FF00100EFF777F825
:10192000BDE8084000F042B8BDE8084000F03BB810
:10193000B61F927E0000803F336D4C39DA82083C3E
:10194000A0AA2ABE490E494683F9223F0000004B57
:101950000000C93F00A0FD390020A2331A61342CD9
:10196000B93AB2BACA9F2A3DDDFFFFBE10B52DEDD0
:10197000028BB1EEC08A18EE100A20F00040C0F1D0
:10198000FF40C00F0AD010EE100A20F00040C0F156
:10199000FF40C00F04BF0120EFF739F8B0EE480A4E
:1019A000BDEC028B10BD30EE000A7047DFED020A7D
:1019B00080EEA00A70470000000000002DE9F00151
:1019C0004FF07F42B2EB410F9FBF4FF0FF310160FC
:1019D000BDE8F00170474FF0004242EA0123C1F335
:1019E000C752783A551112F01F0C434CCCF1200627
:1019F0007C44C1F3C752A2F178024FEA621204EBB1
:101A0000820254F8254008BFD2E9015612D0556829
:101A100004FA0CF425FA06F73C43976805FA0CF52E
:101A200027FA06F8D26807FA0CFCF24045EA0805E6
:101A30004CEA0206A4FB034CA5FB0352A6FB03637E
:101A40001D449D4234BF012600261319334416B1AC
:101A5000934202D903E0934201D2012200E0002226
:101A6000624402F1200C9206DC0C42EA443200EEA1
:101A7000102A5B03DFED210AF8EEC01A00EE103ADF
:101A80004FEA9C1C11F0004FB8EE400AC0F800C0AD
:101A900020EE201A00EE105ADFED190AB8EE400AC7
:101AA00020EE200A71EE810A70EE800A10EE902A74
:101AB00002F500626FF30B0200EE902A70EEE11A5D
:101AC00031EEC11ADFED101A30EE411A9FED0D0A0A
:101AD00020EE800A01EE210A9FED0C1A00EE810A29
:101AE00004BFBDE8F0017047CCF180510160BDE852
:101AF000F001B1EE400A70471833000000000036D4
:101B00000000802C22AAFD29DB0FC92F0000C92F5D
:101B100010B5322207490848FFF7D9F932220749A0
:101B20000748FFF7D4F9462206490748FFF7CFF9DF
:101B300010BD00002003002458B60024C003002478
:101B4000D0B600246004002448B7002410B5024831
:101B5000FFF736FB10BD00006C6D002410B5044883
:101B6000FBF7AEFF0446034A0349EEF7EAFD10BD5A
:101B7000506C0024000000086FDB000808B500204E
:101B80005023134A134900901348FAF7D5FB00205D
:101B90002023124A124900901248FAF7CDFB002088
:101BA0002623114A114900901148FAF7C5FB00207D
:101BB000FF23104A104900901048FAF7BDFB00209F
:101BC00020230F4A0F4900900F48FAF7B5FB08BDD4
:101BD000100C002418080024C0B70024000D0024B5
:101BE000AC080024DCB70024400900245C06002473
:101BF000F8B70024300A0024F006002414B80024AA
:101C0000200B00248407002430B8002410B50448B9
:101C1000FBF732FC0446034A0349EEF792FD10BD80
:101C2000445F002400000008DDD40008014800BF24
:101C300070470000B06B002410B50448FDF7A2F90E
:101C40000446034A0349EEF77CFD10BD10570024FB
:101C500000000008E9EF0008014800BF70470000DD
:101C6000586A002410B50248FEF74EFF10BD000070
:101C7000745C0024F2F7E6FCF7F790FCF7F744F900
:101C8000F6F79AFEF6F71EFCF7F79EF8F6F7FAFF5E
:101C9000F6F710FFF6F78EFCF6F7E4FCF6F73AFDE0
:101CA000F6F742FFF7F724F8F7F758F8F7F7C2F816
:101CB000F6F78CFF40F22620EFF78CFC00F016F8C8
:101CC000F6F782FD00F028F800BFFEE770B5054684
:101CD000FFF7A0FD10B16FF0050404E0002415B17A
:101CE000284601F07FF8204670BD000010B5FFF7D0
:101CF00091FD10B16FF0050409E00648006820B9B5
:101D0000012004490860002401E04FF0FF34204620
:101D100010BD0000C800002470B5FFF77BFD10B1B6
:101D20006FF005041FE011480068012819D100BFB9
:101D3000801F0021002804DB0A07130E0C4A1354ED
:101D400006E00A07150E0B4A00F00F031B1FD554BF
:101D500000BF00BF02200549086001F0BFF8002461
:101D600001E04FF0FF34204670BD0000C8000024A1
:101D700000E400E018ED00E02DE9FF4780468946C9
:101D8000144600200390FFF745FD00284ED1B8F11E
:101D9000000F4BD0802618258246471E44B320688A
:101DA00008B1D4F800A0A06900B1A5692DB1382D03
:101DB00003D8207900F0010018B1002004B0BDE87C
:101DC000F087606908B160698608A06840B1E06882
:101DD0005C2805D3206918B1606908B1012708E0C3
:101DE000A06830B9E06820B9206910B9002700E088
:101DF0000027012F0CD12169A0684B463246CDE95E
:101E0000005102905146404601F058FD03900DE00C
:101E100067B903A8B2B24B465146CDE900504046DF
:101E200001F01AFD012801D0002003900398C5E7B6
:101E30002DE9F04105460E46164807681648006829
:101E4000001D00F03AFE681C38B936B1124801682E
:101E5000091D124800F093FE1AE07C190E48006834
:101E60004460BC4207D20C480168091D0C48006858
:101E700000F06BFE0CE008480168091D0948006885
:101E800000F063FE08480068844201D206480460FE
:101E9000BDE8F0818C000024780000242C1300247D
:101EA000800000247C000024A800002410B5044613
:101EB00000F072FE24480068401C23490860234853
:101EC000006840B9214804600846006801280DD127
:101ED00000F0FCF90AE01E48006838B91B480068A9
:101EE000C06AE16A884201D818480460194800684D
:101EF000401C184908600846006860641649E06A9A
:101F00000968884202D91449E06A0860E16A01EB75
:101F10008101124A02EB8100211D00F030FE00F029
:101F200065FE0B48006868B108480068C06AE16A4D
:101F3000884207D24FF0805009490860BFF34F8FA5
:101F4000BFF36F8F10BD00008800002478000024CC
:101F500094000024A4000024900000247C0E00249F
:101F600004ED00E008B500F017FE12480068E8B97B
:101F7000114800F0DAFD114800F0D7FD0E48104975
:101F800008600E480F49086000200F4B0F4A1021CF
:101F900000900A2001F057F90649086008460068D9
:101FA00020B10BA10348006800F0E0FE00F01EFE27
:101FB00008BD0000BC00002440130024541300247A
:101FC000B4000024B800002468130024B8130024CF
:101FD000546D72510000000010B516E000F0DCFDF9
:101FE0000C48C068C468201D00F067FD0A480068FE
:101FF000401E0949086009480068401E07490860FA
:1020000000F0F4FD204600F05FF804480068002866
:10201000E4D110BD1813002488000024840000249B
:1020200070B504460D46206C70B1216CE068014427
:10203000E160D4E90210884201D32168E1602846BA
:10204000226CE168EEF794FB70BD2DE9F041044687
:102050000F4615464FF00008A66B206C48B9206863
:1020600000282CD1A06801F03FFD80460020A06030
:1020700025E07DB93946226C6068EEF779FB216C6A
:10208000606808446060D4E90101884217D3206881
:10209000606014E03946226CE068EEF769FB216C61
:1020A000E068411AE1602168E068884203D2216C4F
:1020B000A068411AE160022D01D106B1761E701CA4
:1020C000A0634046BDE8F08110B5044694F859007D
:1020D00030B9206B00F0A8FD204600F0A5FD1AE005
:1020E00094F85900012803D1204600F09DFD12E02C
:1020F00094F85900022801D1012000E0002050B9D5
:1021000000BF502080F31188BFF34F8FBFF36F8F54
:1021100000BF00BFFEE710BD0146084A1268126802
:102120000AB9012200E000220A600A6822B9034AC3
:102130001268D268106800E000207047B4000024E4
:1021400030B54FF47053174800F007042CB1C01D90
:1021500020F00700134C041B1B1B0246124C22608C
:102160000024114D6C60D018083820F007000F4C87
:10217000206000240D4D2D686C600C4D2D682C6086
:102180001146441A4C60094C24680C60084D4C6898
:102190002C60084D4C682C604FF00044064D2C60BC
:1021A00030BD0000101B0024CC000024D40000240B
:1021B000DC000024D8000024E800002400BFFFF762
:1021C0000BFF064800680128F9D94FF080500449F8
:1021D0000860BFF34F8FBFF36F8FF0E77C0E0024D2
:1021E00004ED00E02DE9F04106460D4617469846FD
:1021F000069C0DB9246000E02760E6632564012198
:10220000204601F091F884F84C80BDE8F0812DE97A
:10221000F05F82460E4690469B460A9F0C9C4FEA12
:102220008801A522206BEEF71AFBA8F10100216BB3
:1022300001EB800929F0070909F0070008B901201E
:1022400000E0002050B900BF502080F31188BFF398
:102250004F8FBFF36F8F00BF00BFFEE786B1002531
:1022600007E0715D04F134004155705D00B902E092
:102270006D1C102DF5D300BF00214320015502E055
:10228000002084F83400382F00D33727E762E76452
:1022900000202065201D00F055FC04F1180000F01E
:1022A00051FC2461C7F13800A061646200206065C0
:1022B00084F858005A465146484600F071FB2060A9
:1022C0000B9808B10B980460BDE8F09F10B500248E
:1022D00007E004EB84010F4A02EB810000F025FCCB
:1022E000641C382CF5D30C4800F01FFC0B4800F0A0
:1022F0001CFC0B4800F019FC0A4800F016FC0A48C8
:1023000000F013FC044809490860044808490860C3
:1023100010BD00007C0E0024DC120024F01200240A
:1023200004130024181300242C1300247C00002420
:102330008000002410B50146164800E000680368DC
:102340008B42FBD30246436813448B4204D143685B
:102350004C682344436001460A464B6813440468B2
:10236000A34211D10C4C03682468A34208D04B68E7
:102370000468646823444B6003681B680B6005E0D5
:10238000054B1B680B6001E003680B60884200D0BE
:10239000016010BDCC000024D40000242DE9F041E0
:1023A00004460D4616461F464FF00008656024613E
:1023B000B5420CD8F01BA169884202D34FF0010846
:1023C00011E0211D0948006800F0BFFB0BE0BE4290
:1023D00004D2BD4202D34FF0010804E0211D04489D
:1023E000006800F0B2FB4046BDE8F081B800002470
:1023F000B400002470B5054600F0CEFBA86B08B908
:10240000012400E0002400F0F1FB204670BD70B50F
:10241000054600F0C1FBA86BE96B884201D101249D
:1024200000E0002400F0E2FB204670BDF8B5054650
:102430000F461A480068C068C468201D00F03DFBC4
:1024400094F8280000F00400E8B1A06941192B4677
:102450003A462046FFF7A2FFD8B1002003462A469D
:1024600001460090204601F09BFC064656B900BF8D
:10247000502080F31188BFF34F8FBFF36F8F00BFE1
:1024800000BFFEE705E094F8280020F0010084F882
:1024900028002046216A8847F8BD0000B4000024C7
:1024A000F0B587B0A0E00398002811DA04AE56B961
:1024B00000BF502080F31188BFF34F8FBFF36F8FA1
:1024C00000BF00BFFEE7D6E90020B168904700BF1B
:1024D00003980028E6DB059C606908B9012000E04C
:1024E000002010B9201D00F0E8FA02A800F0DEF884
:1024F000054603980A2875D2DFE800F00905073978
:10250000416306083A4200BF00BF00BF00BF94F815
:10251000280040F0010084F828000498A26981187E
:1025200003462A462046FFF739FFF8B12046216AC4
:10253000884794F8280000F00400B8B1002000900B
:102540000498A169421800231946204601F028FC8E
:10255000074657B900BF502080F31188BFF34F8F53
:10256000BFF36F8F00BF00BFFEE700BF3BE000BFBF
:1025700094F8280020F0010084F8280033E000BF20
:1025800094F8280040F0010084F828000498A06125
:10259000A06908B1012000E0002050B900BF502020
:1025A00080F31188BFF34F8FBFF36F8F00BF00BF61
:1025B000FEE7A06941192B462A462046FFF7EEFEAA
:1025C00011E094F8280000F0020018B9204600F04D
:1025D0002BFB05E094F8280020F0010084F8280087
:1025E00001E0FFE700BF00BF002203A90448006824
:1025F00001F038F800287FF456AF07B0F0BD0000B6
:10260000BC000024F8B505460C4600F0C3FC684643
:1026100000F04CF80646009820BB44B9B54206D8F5
:1026200001F000FB31462846FFF700FF1CE03CB1FB
:102630000E480068006808B9012000E00020044648
:10264000A91B22460A48006800F0A6FB01F0EAFA3E
:1026500050B94FF0805007490860BFF34F8FBFF368
:102660006F8F01E001F0DEFAF8BD0000B800002431
:10267000BC00002404ED00E00A490968096809B9B2
:10268000012100E0002121B14FF0FF31064A116025
:1026900006E004490968C968C868034A41681160CE
:1026A000704700007C000024A800002470B5044698
:1026B00001F072F9054607480068854204D200F02F
:1026C0000BF80120206001E0002020600148056037
:1026D000284670BDC40000242DE9F84334E02548A5
:1026E0000068C068056823480068C068C468201D89
:1026F00000F0E3F92046216A884794F8280000F0AA
:10270000040008B3A0694619AE4207D96660246187
:10271000211D1848006800F018FA15E00020034653
:102720002A4601460090204601F03AFB074657B979
:1027300000BF502080F31188BFF34F8FBFF36F8F1E
:1027400000BF00BFFEE700BF0A480068006808B984
:10275000012000E000200028C1D00648D0F8008009
:1027600005480068034908600348C0F80080BDE8D8
:10277000F8830000B4000024B80000240E4800686C
:10278000401C08B9012000E0002050B900BF5020D3
:1027900080F31188BFF34F8FBFF36F8F00BF00BF6F
:1027A000FEE700BF502080F31188BFF34F8FBFF3C7
:1027B0006F8F00BF00BFFEE7EC00002408B500BF2C
:1027C0006846FFF7A9FC044620460099FFF71AFF68
:1027D000FFF766FEF4E770B5044600F0DDF994F902
:1027E000455010E0606A08B9012000E0002038B9C7
:1027F00004F1240001F0CAF918B100F02DFB00E04B
:1028000003E0681E45B2002DECDC00BFFF2084F819
:10281000450000F0EBF900F0BFF994F9445010E0E6
:10282000206908B9012000E0002048B904F1100037
:1028300001F0ACF908B100F00FFB681E45B200E0F2
:1028400001E0002DECDC00BFFF2084F8440000F024
:10285000CDF970BD2DE9F04104464FF0000800F0BD
:1028600099FB4948006808B9FFF76AFC47480068C7
:102870002040002870D1D4B1083404F00700B0B172
:1028800004F00700C0F10800044404F0070008B990
:10289000012000E0002050B900BF502080F31188D3
:1028A000BFF34F8FBFF36F8F00BF00BFFEE7002C59
:1028B00052D03748006884424ED8364E30460568BC
:1028C00001E02E462D686868A04202D228680028E0
:1028D000F7D12D48006885423ED0306800F10808E5
:1028E000286830606868001B102819D92F1907F074
:1028F000070008B9012000E0002050B900BF5020B7
:1029000080F31188BFF34F8FBFF36F8F00BF00BFFD
:10291000FEE76868001B78606C603846FFF70AFDC8
:102920001B4968680968081A194908600846006860
:1029300019490968884203D2154800681649086099
:1029400012496868096808436860002028601348D5
:102950000068401C1149086001F064F908F00700A4
:1029600008B9012000E0002050B900BF502080F3DA
:102970001188BFF34F8FBFF36F8F00BF00BFFEE71B
:102980004046BDE8F0810000D4000024E8000024A7
:10299000D8000024CC000024DC000024E000002447
:1029A000001F4FF080730360001F21F001030360DC
:1029B000001F054B036014380260001F6FF0020314
:1029C00003602038704700007D27010800B101B97D
:1029D00070470278437842EA0322C2F30A020A806F
:1029E0004278D210837842EA4312C2F30A024A8044
:1029F00082789211C37842EA8302037942EA832201
:102A0000C2F30A028A8002795210437942EAC31261
:102A1000C2F30A02CA804279C2F301128A72427971
:102A200012119308CB728279C37942EA032212B25F
:102A30008A81027A437A42EA032213B201F10C023C
:102A4000CB81827AC37A42EA032213B201F10C02EB
:102A50000B82037B8B74437BCB74827BC37B42EA08
:102A600003228A82027C437C42EA032212B20A8158
:102A70000A88A2F5806212B20A804A88A2F58062B2
:102A800012B24A808A88A2F5806212B28A80CA880D
:102A9000A2F5806212B2CA800A89A2F5806212B2DF
:102AA0000A8100BF94E700B52420F6F7F9FB00BDCA
:102AB00000B52420F6F7F4FB00BD01460A69D1E910
:102AC00001309860D1E9010358605068884201D113
:102AD00088685060002008611068401E106010680F
:102AE00070470000034B0360034B0B6080231360AF
:102AF0007047000058140024B4140024034B0360F2
:102B0000034B0B604FF4807313607047B4160024BE
:102B10001017002400BF502080F31188BFF34F8F9F
:102B2000BFF36F8F00BF00BFFEE700F108014160F7
:102B30004FF0FF31816000F10801C16001610021A7
:102B40000160704700210161704710B502460B68B3
:102B50005C1C0CB9106907E002F1080000E0406855
:102B6000446824689C42FAD944684C604C68A1606F
:102B7000886041600A611468641C146010BD42687A
:102B80004A6093688B60936859609160086103683C
:102B90005B1C03607047000000BF502080F3118869
:102BA000BFF34F8FBFF36F8F00BF0E480068401C0C
:102BB0000C49086008460068012812D10A480068DC
:102BC000C0B208B9012000E0002050B900BF502079
:102BD00080F31188BFF34F8FBFF36F8F00BF00BF2B
:102BE000FEE77047EC00002404ED00E00D480068AB
:102BF00050B900BF502080F31188BFF34F8FBFF34F
:102C00006F8F00BF00BFFEE706480068401E054901
:102C100008600846006820B9002080F3118800BFD2
:102C200000BF7047EC00002470B506463546002E04
:102C300044D0083D2C46224960680968084008B124
:102C4000012000E0002050B900BF502080F311881F
:102C5000BFF34F8FBFF36F8F00BF00BFFEE7206849
:102C600008B9012000E0002050B900BF502080F3D7
:102C70001188BFF34F8FBFF36F8F00BF00BFFEE718
:102C80000F49606809680840C0B12068B0B90C49B4
:102C9000606809688843606000F07CF909496068F1
:102CA00009680844074908602046FFF743FB0648C7
:102CB0000068401C0449086000F0B4FF70BD0000CB
:102CC000E8000024D8000024E400002400204FF095
:102CD000E02108618861064800684FF47A71B0FB12
:102CE000F1F0401E4FF0E021486107200861704775
:102CF0007000002470B5EDF7BDFB0446102C16D310
:102D000004F1E02090F8F05315480078854201DB8B
:102D1000012000E0002050B900BF502080F311884E
:102D2000BFF34F8FBFF36F8F00BF00BFFEE70D48AB
:102D3000006800F4E0600C490968884201D801206D
:102D400000E0002050B900BF502080F31188BFF38D
:102D50004F8FBFF36F8F00BF00BFFEE770BD000055
:102D6000F00000240CED00E0F400002402460020F6
:102D70000BE0084B53F8303033B9064B43F83010B2
:102D800003EBC0035A6002E0401C0828F1D300BFE7
:102D9000704700003C0E00242DE9F04105460E4628
:102DA00017462C46FFF7F8FE94F94400401C10B972
:102DB000002084F8440094F94500401C10B900201C
:102DC00084F84500FFF712FFA06B28B93A46314658
:102DD00004F1240000F062F82046FFF7FCFCBDE897
:102DE000F081000070B504460025D4B11248006897
:102DF00008B9012000E0002050B900BF502080F346
:102E00001188BFF34F8FBFF36F8F00BF00BFFEE786
:102E100000F0C0F800212046FFF70AF800F002FF9A
:102E200005463DB94FF0805004490860BFF34F8F0D
:102E3000BFF36F8F70BD0000B000002404ED00E010
:102E4000034909680160034909684160704700004F
:102E5000A00000248C000024012001490860704774
:102E60009C00002470B504460D4654B900BF5020A4
:102E700080F31188BFF34F8FBFF36F8F00BF00BF88
:102E8000FEE70548016818312046FFF75EFE012184
:102E90002846FEF7CDFF70BD7800002470B50546CA
:102EA0000E46144655B900BF502080F31188BFF379
:102EB0004F8FBFF36F8F00BF00BFFEE7064801686A
:102EC00018312846FFF75BFE0CB14FF0FF36214664
:102ED0003046FEF7ADFF70BD7800002410B586B017
:102EE00000200590049003AA04A905A8FFF7FAFDA5
:102EF0000022DDE904101346CDE9002102901EA155
:102F00001F48039A00F0DAFC1E4908600846006872
:102F100008B1012400E00024012C02D100F004FFDC
:102F20000446012C15D100BF502080F31188BFF357
:102F30004F8FBFF36F8F00BF4FF0FF301249086013
:102F400001201249086000201149086000F080F853
:102F500010E0601C08B1012000E0002050B900BF63
:102F6000502080F31188BFF34F8FBFF36F8F00BFE6
:102F700000BFFEE706B010BD49444C45000000000C
:102F8000BD210108AC000024A80000249400002406
:102F90008C00002402480068401C0149086070470A
:102FA000B000002410B52548006818B1012024495C
:102FB000086042E00020224908602248006800685A
:102FC00020490968096B884205D81E4801683431D8
:102FD0000068FFF79FFD1C4801680CE051B900BF75
:102FE000502080F31188BFF34F8FBFF36F8F00BF66
:102FF00000BFFEE7491E01EB8100144A52F8200091
:1030000008B9012000E000200028E7D101EB81028F
:103010000E4B03EB820042685268426000F10802E6
:103020004368934202D14268526842604268D26863
:10303000044B1A600448016000BF10BDB0000024BA
:103040009C00002478000024900000247C0E0024C2
:103050001CB5524800685249884201D0012000E066
:10306000002050B900BF502080F31188BFF34F8F6C
:10307000BFF36F8F00BF00BFFEE7484800684849B4
:10308000491E884201D0012000E0002050B900BF55
:10309000502080F31188BFF34F8FBFF36F8F00BFB5
:1030A00000BFFEE73F49084600780190FF200A462E
:1030B00010700846007800909DF8000000F0F000C5
:1030C0009DF80020904201D1012000E0002050B97D
:1030D00000BF502080F31188BFF34F8FBFF36F8F75
:1030E00000BF00BFFEE79DF8000000F050002E4A30
:1030F000107007202D4A106009E02C480068401E1F
:103100002A4A10609DF800004006000E00909DF8CD
:10311000000000F080008028EFD024480068C0F153
:103120000700042801D1012000E0002050B900BFB1
:10313000502080F31188BFF34F8FBFF36F8F00BF14
:1031400000BFFEE7194800680002184A10601046E8
:10315000008800F4E0601060124A019810700F4877
:103160002030006840F470000C49203108600846A7
:10317000006840F070400860FFF7A8FD00200C498F
:103180000860EDF73FF90B48006840F040400949FE
:103190000860EDF723F900201CBD000000ED00E001
:1031A00071C20F4100E400E0F0000024F4000024AC
:1031B000EC00002434EF00E010B500BF502080F395
:1031C0001188BFF34F8FBFF36F8F00BF00F0EAFB92
:1031D00018B14FF080500449086000BF002080F310
:1031E000118800BF10BD000004ED00E02DE9F84398
:1031F00005460E4617460DB1012000E0002050B9EB
:1032000000BF502080F31188BFF34F8FBFF36F8F43
:1032100000BF00BFFEE705FB06F808F15000FFF70E
:1032200019FB044664B1A14609F15009002084F855
:1032300046003B464A46314628460094FEF7D2FFF8
:103240002046BDE8F8832DE9F84380460E46174630
:103250001D46DDF82090B8F1000F01D0012000E0FC
:10326000002050B900BF502080F31188BFF34F8F6A
:10327000BFF36F8F00BF00BFFEE70DB1012000E07C
:10328000002050B900BF502080F31188BFF34F8F4A
:10329000BFF36F8F00BF00BFFEE707B10EB1012083
:1032A00000E0002050B900BF502080F31188BFF328
:1032B0004F8FBFF36F8F00BF00BFFEE707B90EB996
:1032C000012000E0002050B900BF502080F3118899
:1032D000BFF34F8FBFF36F8F00BF00BFFEE75020DB
:1032E00000900098502801D1012000E0002050B942
:1032F00000BF502080F31188BFF34F8FBFF36F8F53
:1033000000BF00BFFEE700BF2C464CB1012084F88F
:1033100046004B463A46314640460094FEF762FF6F
:103320002046BDE8F883000070B505460E462C46E1
:1033300054B900BF502080F31188BFF34F8FBFF303
:103340006F8F00BF00BFFEE7FFF726FCD4E90F1226
:10335000206801FB0200A0600020A063206860607C
:10336000E06B401E226C216800FB0211E160FF202F
:1033700084F8440084F845009EB9206908B901200A
:1033800000E00020A8B904F1100000F0FFFB80B1BC
:103390004FF0805009490860BFF34F8FBFF36F8F24
:1033A00007E004F11000FFF7C0FB04F12400FFF771
:1033B000BCFBFFF71BFC012070BD000004ED00E02A
:1033C0002DE9FF4383B0064688461D464FF00009AD
:1033D000344654B900BF502080F31188BFF34F8F9B
:1033E000BFF36F8F00BF00BFFEE7B8F1000F01D140
:1033F000206C08B9012000E0002050B900BF502027
:1034000080F31188BFF34F8FBFF36F8F00BF00BFF2
:10341000FEE7022D02D1E06B012801D1012000E07E
:10342000002050B900BF502080F31188BFF34F8FA8
:10343000BFF36F8F00BF00BFFEE700F09DFA08B931
:10344000059808B9012000E0002050B900BF5020C5
:1034500080F31188BFF34F8FBFF36F8F00BF00BFA2
:10346000FEE700BFFFF798FBA06BE16B884201D33A
:10347000022D28D12A4641462046FEF7E6FD0746A2
:10348000606A08B9012000E0002068B904F1240056
:1034900000F07CFB88B14FF0805032490860BFF3E8
:1034A0004F8FBFF36F8F08E03FB14FF080502D4931
:1034B0000860BFF34F8FBFF36F8FFFF797FB0120BB
:1034C00007B0BDE8F083059818B9FFF78FFB00201F
:1034D000F6E7B9F1000F04D101A8FFF7B1FC4FF0F6
:1034E0000109FFF783FBFFF755FDFFF755FB94F943
:1034F0004400401C10B9002084F8440094F94500B1
:10350000401C10B9002084F84500FFF76FFB05A9A7
:1035100001A800F05BF9F0B92046FEF778FFA0B1F2
:1035200004F110000599FFF79DFC2046FFF753F9C1
:1035300000F078FB002895D14FF0805009490860D1
:10354000BFF34F8FBFF36F8F8CE72046FFF743F930
:1035500000F068FB86E72046FFF73DF900F062FBCC
:103560000020ADE704ED00E02DE9F84F07468A465C
:1035700090461E463C4654B900BF502080F3118847
:10358000BFF34F8FBFF36F8F00BF00BFFEE7BAF1ED
:10359000000F01D1206C08B9012000E0002050B9D3
:1035A00000BF502080F31188BFF34F8FBFF36F8FA0
:1035B00000BF00BFFEE7022E02D1E06B012801D15F
:1035C000012000E0002050B900BF502080F3118896
:1035D000BFF34F8FBFF36F8F00BF00BFFEE7FFF752
:1035E00089FB00BF5021EFF3118081F31188BFF3F5
:1035F0004F8FBFF36F8F00BF0546A06BE16B884212
:1036000001D3022E25D194F945B0A06B009032462B
:1036100051462046FEF719FD0BF1010088B9606A9A
:1036200008B9012000E0002050B904F1240000F0A6
:10363000ADFA28B1B8F1000F02D00120C8F800009F
:1036400004E00BF1010040B284F845004FF001099D
:1036500001E04FF0000900BF85F3118800BF484624
:10366000BDE8F88F2DE9F74183B005460E464FF0CF
:1036700000082C4654B900BF502080F31188BFF3D6
:103680004F8FBFF36F8F00BF00BFFEE70EB9206CF6
:1036900008B9012000E0002050B900BF502080F39D
:1036A0001188BFF34F8FBFF36F8F00BF00BFFEE7DE
:1036B00000F062F908B9059808B9012000E000207F
:1036C00050B900BF502080F31188BFF34F8FBFF374
:1036D0006F8F00BF00BFFEE700BFFFF75DFAA76B6B
:1036E000F7B131462046FEF79BFC781EA0632069A7
:1036F00008B9012000E0002060B904F1100000F0DA
:1037000045FA38B14FF080502F490860BFF34F8F12
:10371000BFF36F8FFFF76AFA012006B0BDE8F081B2
:10372000059818B9FFF762FA0020F6E7B8F1000F24
:1037300004D101A8FFF784FB4FF00108FFF756FA08
:10374000FFF728FCFFF728FA94F94400401C10B951
:10375000002084F8440094F94500401C10B9002072
:1037600084F84500FFF742FA05A901A800F02EF8F9
:10377000F0B92046FEF73EFEA0B104F12400059901
:10378000FFF770FB2046FFF726F800F04BFA002801
:10379000A3D14FF080500C490860BFF34F8FBFF3A7
:1037A0006F8F9AE72046FFF716F800F03BFA94E790
:1037B0002046FFF710F800F035FA2046FEF71AFE13
:1037C00000288AD00020A8E704ED00E070B5054687
:1037D0000C4655B900BF502080F31188BFF34F8FBE
:1037E000BFF36F8F00BF00BFFEE754B900BF50208A
:1037F00080F31188BFF34F8FBFF36F8F00BF00BFFF
:10380000FEE7FFF7C9F9124802686868131A2068D2
:10381000401C08B9002617E00E492868096888424C
:1038200004D06868904201D801260DE020689842D3
:1038300007D92068C01A20602846FFF701FB002640
:1038400002E0002020600126FFF7D0F9304670BD6D
:103850008C000024A00000242DE9FF4F85B0804695
:1038600089461746DDE912ABB800FEF7F3FF0646BE
:1038700056B15C20FEF7EEFF04460CB1266304E06F
:103880003046FFF7D1F900E000248CB1002084F825
:103890005900CDE900ABCDE902403A4649464046E1
:1038A000089BFEF7B4FC2046FEF700FB012501E073
:1038B0004FF0FF35284609B0BDE8F08F2DE9F04FF5
:1038C00085B00746884691469A46DDE90EB6109CBB
:1038D0000EB1012000E0002050B900BF502080F35D
:1038E0001188BFF34F8FBFF36F8F00BF00BFFEE79C
:1038F0000CB1012000E0002050B900BF502080F33F
:103900001188BFF34F8FBFF36F8F00BF00BFFEE77B
:103910005C20039003985C2801D1012000E0002086
:1039200050B900BF502080F31188BFF34F8FBFF311
:103930006F8F00BF00BFFEE700BFB4B1AEB1254638
:103940002C462E63022085F85900002004A9534616
:103950004A46CDE900B1CDE9025041463846FEF76E
:1039600056FC2846FEF7A2FA01E0002004900498D5
:1039700005B0BDE8F08F00000549096809B90120CC
:1039800005E00449096809B9022000E000207047F9
:1039900094000024B000002401490868704700002A
:1039A0008C0000242DE9F0414FF0000843480068E6
:1039B00000287BD142480068451C4148056015BB82
:1039C00040480068006808B9012000E0002050B9B4
:1039D00000BF502080F31188BFF34F8FBFF36F8F6C
:1039E00000BF00BFFEE73748076837480068354921
:1039F00008603548076035480068401C3349086056
:103A0000FEF73AFE00BF3248006885423BD300BF54
:103A10002C480068006808B9012000E0002020B1AF
:103A20004FF0FF302A4908602CE026480068C06843
:103A3000C4686668B54202D22548066022E0201DAF
:103A4000FFF73BF8A06A18B104F11800FFF735F84A
:103A50002049E06A0968884202D91E49E06A086084
:103A6000E16A01EB81011C4A02EB8100211DFFF795
:103A700086F81A49E06A0968C96A8842C8D34FF0D3
:103A80000108C5E700BF15480068C06A00EB800068
:103A9000114951F82000012801D94FF001081048C0
:103AA000006808B14FF0010805E0FFE70D48006825
:103AB000401C0C4908604046BDE8F081B00000247D
:103AC0008C0000247C00002480000024A00000243E
:103AD000A8000024900000247C0E0024780000241C
:103AE0009C0000249800002470B505462C46002652
:103AF000002D43D022480068844201D1012000E01B
:103B0000002050B900BF502080F31188BFF34F8FC1
:103B1000BFF36F8F00BF00BFFEE7206D50B900BF3D
:103B2000502080F31188BFF34F8FBFF36F8F00BF1A
:103B300000BFFEE7206D401E2065E16CE06A884210
:103B40001CD0206DD0B9201DFEF7B7FFE06CE062FD
:103B5000E06AC0F13800A0610A49E06A0968884259
:103B600002D90849E06A0860E16A01EB8101064A6E
:103B700002EB8100211DFFF702F80126304670BDDF
:103B800078000024900000247C0E002470B50646C6
:103B9000F068C46854B900BF502080F31188BFF3A7
:103BA0004F8FBFF36F8F00BF00BFFEE704F1180017
:103BB000FEF783FF15480068A0B9201DFEF77DFFC2
:103BC0001349E06A0968884202D91149E06A08602D
:103BD000E16A01EB81010F4A02EB8100211DFEF732
:103BE000CEFF04E004F118010B48FEF7C8FF0B49B3
:103BF000E06A0968C96A884204D901250120084998
:103C0000086000E00025284670BD0000B0000024D8
:103C1000900000247C0E002404130024780000246B
:103C20009C00002470B5002400263648006850B976
:103C300000BF502080F31188BFF34F8FBFF36F8F09
:103C400000BF00BFFEE7FEF7A7FF2E480068401E3A
:103C50002C4908600846006800284ED12A480068B0
:103C600000284AD023E02948C068C46804F118003D
:103C7000FEF723FF201DFEF720FF2549E06A0968B3
:103C8000884202D92249E06A0860E16A01EB8101B9
:103C9000204A02EB8100211DFEF771FF1E49E06AF8
:103CA0000968C96A884202D301201C490860174884
:103CB000006808B9012000E000200028D3D00CB132
:103CC000FEF7DAFC1648056865B100BFFFF76AFE2B
:103CD00010B10120114908606D1E002DF6D10020A1
:103CE0000F4908600D48006838B1012630070D49BA
:103CF0000860BFF34F8FBFF36F8FFEF777FF30463B
:103D000070BD0000B00000248800002404130024CB
:103D1000900000247C0E0024780000249C000024E5
:103D20009800002404ED00E010B586B00024FEF7F2
:103D300019F916480068D0B100200590049003AA34
:103D400004A905A8FEF7DAFE0222DDE9041000232B
:103D5000CDE9002102900EA10F48039AFFF7AEFDB6
:103D60000E4908600846006800B1012400BF54B93C
:103D700000BF502080F31188BFF34F8FBFF36F8FC8
:103D800000BF00BFFEE7204606B010BDBC00002407
:103D9000546D722053766300BD270108C0000024D3
:103DA0002DE9FF4704460D4616461F46DDF83080D4
:103DB0004FF0000954B900BF502080F31188BFF3C1
:103DC0004F8FBFF36F8F00BF00BFFEE7144800683E
:103DD00010B3009501960294062D15DAFFF7CCFD7D
:103DE000022808D10023424669460D480068FFF7C3
:103DF000E7FA814610E000231A4669460848006841
:103E0000FFF7DEFA814607E000233A466946044898
:103E10000068FFF7A9FB8146484604B0BDE8F0877B
:103E2000BC0000240EB501468DED000ACDED010A5F
:103E30008DED021A002009E06A4602EB8002D2ED05
:103E4000001A01EB8002C2ED001A401C0328F3DBCC
:103E500008460EBD704700002DE9F0478CB00446BF
:103E60000D4616461F46DDF8508000BF00BF00BF5C
:103E700095E807008DE8070096E80700CDE90412F1
:103E8000039097E80700CDE90712069098E807002D
:103E9000CDE90A12099000211BE00022104615E02E
:103EA00001EB4109EA460AEB890302464FF0000C98
:103EB00002EB0C0903EB890999ED000A01EB800282
:103EC00004EB820282ED000A421C10460328E7DB65
:103ED000491C0429E1DB04230C2203496846ECF762
:103EE00025FD0CB0BDE8F087553E01081CB500BFAC
:103EF0000021F0EE400A00EE901AB8EE601B8DED46
:103F0000001BDDE900320BB1012300E0002342EA8F
:103F1000030020F000420C4B9A1AD20F82B900EE37
:103F2000901AB8EE601B8DED001B5A000198B2EBA1
:103F3000400F03D1009808B9012000E0002008B12B
:103F400000201CBD0120FCE70000F07F10B52DED26
:103F5000028BB0EE408AB0EE480AFFF7C7FF80F050
:103F60000100BDEC028B10BD4FF00000E1EE100A25
:103F7000704700003C4D01080000000000000000F8
:103F80000000000000000000000200001800000017
:103F90000000000000000000744D01080000000057
:103FA000000000000000000000000000000200000F
:103FB0000A00000000000000000000002C4D010875
:103FC00000000000000000000000000000000000F1
:103FD000000800000D0000000000000000000000CC
:103FE000584D010800000000000000000000000023
:103FF00000000000000200000E00000000000000B1
:1040000000000000484D0108000000000000000012
:104010000000000000000000000800000C0000008C
:104020000000000000000000644D010800000000D6
:10403000000000000000000000000000000200007E
:104040000D0000000000000000000000A04D01086D
:104050000000000000000000000000000000000060
:10406000000200000F00000000000000000000003F
:10407000B04D01080000000000000000000000003A
:1040800000000000000200000F000000000000001F
:1040900000000000F04D01080000000000000000DA
:1040A0000000000000000000000200000F000000FF
:1040B0000000000000000000D04D010800000000DA
:1040C00000000000000000000000000000020000EE
:1040D0000F0000000000000000000000C04D0108BB
:1040E00000000000000000000000000000000000D0
:1040F000000200000F0000000000000000000000AF
:10410000844D0108000000000000000000000000D5
:1041100000000000000800000D000000000000008A
:1041200000000000944D01080000000000000000A5
:104130000000000000000000000400000B00000070
:104140000000000000000000E04D01080000000039
:10415000000000000000000000000000000200005D
:104160000F00000000000000000000000006101614
:10417000000610160001020304050607080C1014BF
:104180001820304000000000000000000000000087
:10419000000000000000000001000000020000001C
:1041A0000300000004000000000000000500000003
:1041B00000000000000000000000000006000000F9
:1041C00000000000000000000000000007000000E8
:1041D000010002000400060008000A000C001000A4
:1041E00020004000800000010101010307010000E0
:1041F0000804020408010101000000000102030498
:104200000102030406070809005EBCE2613FDD838A
:10421000C29C7E20A3FD1F419DC3217FFCA2401EA6
:104220005F01E3BD3E6082DC237D9FC1421CFEA096
:10423000E1BF5D0380DE3C62BEE0025CDF81633D86
:104240007C22C09E1D43A1FF4618FAA427799BC576
:1042500084DA3866E5BB5907DB856739BAE4065866
:104260001947A5FB7826C49A653BD987045AB8E656
:10427000A7F91B45C6987A24F8A6441A99C7257B46
:104280003A6486D85B05E7B98CD2306EEDB3510F36
:104290004E10F2AC2F7193CD114FADF3702ECC9226
:1042A000D38D6F31B2EC0E50AFF1134DCE90722C16
:1042B0006D33D18F0C52B0EE326C8ED0530DEFB106
:1042C000F0AE4C1291CF2D73CA947628ABF51749F6
:1042D0000856B4EA6937D58B5709EBB536688AD4E6
:1042E00095CB2977F4AA4816E9B7550B88D6346AD6
:1042F0002B7597C94A14F6A8742AC896154BA9F7C6
:10430000B6E80A54D7896B350000891112239B3215
:104310002446AD573665BF74488CC19D5AAFD3BE95
:104320006CCAE5DB7EE9F7F88110080193331A22A5
:10433000A5562C47B7753E64C99C408DDBBF52AE75
:10434000EDDA64CBFFF976E802218B301002991385
:104350002667AF763444BD554AADC3BC588ED19F55
:104360006EEBE7FA7CC8F5D983310A209112180365
:10437000A7772E66B5543C45CBBD42ACD99E508F35
:10438000EFFB66EAFDD874C904428D5316619F7035
:104390002004A9153227BB364CCEC5DF5EEDD7FC15
:1043A0006888E1997AABF3BA85520C4397711E6025
:1043B000A1142805B3373A26CDDE44CFDFFD56ECF5
:1043C000E9986089FBBB72AA06638F7214409D5105
:1043D0002225AB343006B9174EEFC7FE5CCCD5DDD5
:1043E0006AA9E3B8788AF19B87730E6295501C41E5
:1043F000A3352A24B1163807CFFF46EEDDDC54CDB5
:10440000EBB962A8F99A708B088481951AA793B6C4
:104410002CC2A5D33EE1B7F04008C919522BDB3AB4
:10442000644EED5F766DFF7C899400859BB712A684
:10443000ADD224C3BFF136E0C1184809D33B5A2A94
:10444000E55E6C4FF77D7E6C0AA583B41886919764
:104450002EE3A7F23CC0B5D14229CB38500AD91B74
:10446000666FEF7E744CFD5D8BB502A49996108744
:10447000AFF326E2BDD034C1C3394A28D11A580B54
:10448000E77F6E6EF55C7C4D0CC685D71EE597F414
:104490002880A1913AA3B3B2444ACD5B5669DF7834
:1044A000600CE91D722FFB3E8DD604C79FF516E404
:1044B000A9902081BBB332A2C55A4C4BD7795E6814
:1044C000E11C680DF33F7A2E0EE787F61CC495D5E4
:1044D0002AA1A3B03882B193466BCF7A5448DD59F4
:1044E000622DEB3C700EF91F8FF706E69DD414C5C4
:1044F000ABB122A0B9923083C77B4E6AD5585C49D4
:10450000E33D6A2CF11E780F00000000920E493C3A
:10451000B10AC93C2BC3163D2EFB483D752B7B3D94
:1045200004A9963D80B6AF3D36BDC83D2FBCE13DE8
:1045300073B2FA3D87CF093E8340163EB5AB223EAB
:10454000A2102F3ECF6E3B3EC2C5473E0115543EE2
:10455000135C603E7F9A6C3ECCCF783EC07D823E3D
:10456000938E883E229A8E3E32A0943E86A09A3E3A
:10457000E59AA03E128FA63ED47CAC3EEF63B23EDD
:104580002A44B83E491DBE3E15EFC33E53B9C93E4D
:10459000CA7BCF3E4136D53E80E8DA3E4F92E03EC0
:1045A0007533E63EBBCBEB3EEA5AF13ECBE0F63E3E
:1045B000275DFC3EE4E7003F3D9C033F824B063F06
:1045C0009BF5083F6B9A0B3FDA390E3FCDD3103F76
:1045D0002A68133FD9F6153FC07F183FC6021B3F1C
:1045E000D17F1D3FCBF61F3F9967223F25D2243F45
:1045F0005636273F1594293F4AEB2B3FDE3B2E3F93
:10460000BB85303FC9C8323FF304353F233A373FBB
:104610004268393F3B8F3B3FF9AE3D3F67C73F3F65
:1046200070D8413F01E2433F03E4453F65DE473F29
:1046300012D1493FF8BB4B3F029F4D3F207A4F3F7D
:104640003D4D513F4918533F31DB543FE595563FAF
:104650005348583F6AF2593F1A945B3F532D5D3FD0
:1046600005BE5E3F2146603F97C5613F5A3C633FB0
:1046700059AA643F880F663FD86B673F3CBF683FCD
:10468000A7096A3F0C4B6B3F5E836C3F93B26D3F53
:104690009ED86E3F73F56F3F0809713F5213723F0A
:1046A0004714733FDD0B743F0BFA743FC6DE753F52
:1046B00007BA763FC58B773FF853783F9812793F1A
:1046C0009DC7793F02737A3FBE147B3FCDAC7B3FE1
:1046D000283B7C3FC9BF7C3FAC3A7D3FCCAB7D3FA4
:1046E00023137E3FB0707E3F6DC47E3F580E7F3FE8
:1046F0006D4E7F3FAB847F3F0FB17F3F97D37F3FAE
:1047000043EC7F3F11FB7F3F0000803F11FB7F3F69
:1047100043EC7F3F97D37F3F0FB17F3FAB847F3F19
:104720006D4E7F3F580E7F3F6DC47E3FB0707E3F21
:1047300023137E3FCCAB7D3FAC3A7D3FC9BF7C3F6E
:10474000283B7C3FCDAC7B3FBE147B3F02737A3F5E
:104750009DC7793F9812793FF853783FC58B773FD3
:1047600007BA763FC6DE753F0BFA743FDD0B743F28
:104770004714733F5213723F0809713F73F56F3F3F
:104780009ED86E3F93B26D3F5E836C3F0C4B6B3F88
:10479000A7096A3F3CBF683FD86B673F880F663FF9
:1047A00059AA643F5A3C633F97C5613F2146603F29
:1047B00005BE5E3F532D5D3F1A945B3F6AF2593F41
:1047C0005348583FE595563F31DB543F4918533F16
:1047D0003D4D513F207A4F3F029F4D3FF8BB4B3F2D
:1047E00012D1493F65DE473F03E4453F01E2433FC5
:1047F00070D8413F67C73F3FF9AE3D3F3B8F3B3FDE
:104800004268393F233A373FF304353FC9C8323F46
:10481000BB85303FDE3B2E3F4AEB2B3F1594293FB3
:104820005636273F25D2243F9967223FCBF61F3FBC
:10483000D17F1D3FC6021B3FC07F183FD9F6153FF1
:104840002A68133FCDD3103FDA390E3F6B9A0B3FE6
:104850009BF5083F824B063F3D9C033FE4E7003F4A
:10486000275DFC3ECBE0F63EEA5AF13EBBCBEB3E89
:104870007533E63E4F92E03E80E8DA3E4136D53E63
:10488000CA7BCF3E53B9C93E15EFC33E491DBE3E5C
:104890002A44B83EEF63B23ED47CAC3E128FA63EB3
:1048A000E59AA03E86A09A3E32A0943E229A8E3E81
:1048B000938E883EC07D823ECCCF783E7F9A6C3E00
:1048C000135C603E0115543EC2C5473ECF6E3B3E71
:1048D000A2102F3EB5AB223E8340163E87CF093E45
:1048E00073B2FA3D2FBCE13D36BDC83D80B6AF3D49
:1048F00004A9963D752B7B3D2EFB483D2BC3163DF1
:10490000B10AC93C920E493C00000000920E49BC1D
:10491000B10AC9BC2BC316BD2EFB48BD752B7BBD90
:1049200004A996BD80B6AFBD36BDC8BD2FBCE1BDE4
:1049300073B2FABD87CF09BE834016BEB5AB22BEA7
:10494000A2102FBECF6E3BBEC2C547BE011554BEDE
:10495000135C60BE7F9A6CBECCCF78BEC07D82BE39
:10496000938E88BE229A8EBE32A094BE86A09ABE36
:10497000E59AA0BE128FA6BED47CACBEEF63B2BED9
:104980002A44B8BE491DBEBE15EFC3BE53B9C9BE49
:10499000CA7BCFBE4136D5BE80E8DABE4F92E0BEBC
:1049A0007533E6BEBBCBEBBEEA5AF1BECBE0F6BE3A
:1049B000275DFCBEE4E700BF3D9C03BF824B06BF02
:1049C0009BF508BF6B9A0BBFDA390EBFCDD310BF72
:1049D0002A6813BFD9F615BFC07F18BFC6021BBF18
:1049E000D17F1DBFCBF61FBF996722BF25D224BF41
:1049F000563627BF159429BF4AEB2BBFDE3B2EBF8F
:104A0000BB8530BFC9C832BFF30435BF233A37BFB7
:104A1000426839BF3B8F3BBFF9AE3DBF67C73FBF61
:104A200070D841BF01E243BF03E445BF65DE47BF25
:104A300012D149BFF8BB4BBF029F4DBF207A4FBF79
:104A40003D4D51BF491853BF31DB54BFE59556BFAB
:104A5000534858BF6AF259BF1A945BBF532D5DBFCC
:104A600005BE5EBF214660BF97C561BF5A3C63BFAC
:104A700059AA64BF880F66BFD86B67BF3CBF68BFC9
:104A8000A7096ABF0C4B6BBF5E836CBF93B26DBF4F
:104A90009ED86EBF73F56FBF080971BF521372BF06
:104AA000471473BFDD0B74BF0BFA74BFC6DE75BF4E
:104AB00007BA76BFC58B77BFF85378BF981279BF16
:104AC0009DC779BF02737ABFBE147BBFCDAC7BBFDD
:104AD000283B7CBFC9BF7CBFAC3A7DBFCCAB7DBFA0
:104AE00023137EBFB0707EBF6DC47EBF580E7FBFE4
:104AF0006D4E7FBFAB847FBF0FB17FBF97D37FBFAA
:104B000043EC7FBF11FB7FBF000080BF11FB7FBF65
:104B100043EC7FBF97D37FBF0FB17FBFAB847FBF15
:104B20006D4E7FBF580E7FBF6DC47EBFB0707EBF1D
:104B300023137EBFCCAB7DBFAC3A7DBFC9BF7CBF6A
:104B4000283B7CBFCDAC7BBFBE147BBF02737ABF5A
:104B50009DC779BF981279BFF85378BFC58B77BFCF
:104B600007BA76BFC6DE75BF0BFA74BFDD0B74BF24
:104B7000471473BF521372BF080971BF73F56FBF3B
:104B80009ED86EBF93B26DBF5E836CBF0C4B6BBF84
:104B9000A7096ABF3CBF68BFD86B67BF880F66BFF5
:104BA00059AA64BF5A3C63BF97C561BF214660BF25
:104BB00005BE5EBF532D5DBF1A945BBF6AF259BF3D
:104BC000534858BFE59556BF31DB54BF491853BF12
:104BD0003D4D51BF207A4FBF029F4DBFF8BB4BBF29
:104BE00012D149BF65DE47BF03E445BF01E243BFC1
:104BF00070D841BF67C73FBFF9AE3DBF3B8F3BBFDA
:104C0000426839BF233A37BFF30435BFC9C832BF42
:104C1000BB8530BFDE3B2EBF4AEB2BBF159429BFAF
:104C2000563627BF25D224BF996722BFCBF61FBFB8
:104C3000D17F1DBFC6021BBFC07F18BFD9F615BFED
:104C40002A6813BFCDD310BFDA390EBF6B9A0BBFE2
:104C50009BF508BF824B06BF3D9C03BFE4E700BF46
:104C6000275DFCBECBE0F6BEEA5AF1BEBBCBEBBE85
:104C70007533E6BE4F92E0BE80E8DABE4136D5BE5F
:104C8000CA7BCFBE53B9C9BE15EFC3BE491DBEBE58
:104C90002A44B8BEEF63B2BED47CACBE128FA6BEAF
:104CA000E59AA0BE86A09ABE32A094BE229A8EBE7D
:104CB000938E88BEC07D82BECCCF78BE7F9A6CBEFC
:104CC000135C60BE011554BEC2C547BECF6E3BBE6D
:104CD000A2102FBEB5AB22BE834016BE87CF09BE41
:104CE00073B2FABD2FBCE1BD36BDC8BD80B6AFBD45
:104CF00004A996BD752B7BBD2EFB48BD2BC316BDED
:104D0000B10AC9BC920E49BC00000080000000003E
:104D10006E83F9A22915444ED15727FCC0DD34F526
:104D2000999562DB4190433CAB6351FE47696D62EC
:104D3000616C5F7461736B32353600006465666167
:104D4000756C745461736B00436F72726573706F2E
:104D50006E645F7461736B0047756172645F746148
:104D6000736B00004D6573736167655F7461736B8E
:104D70000000000052544F5373797374656D5F7473
:104D800061736B00436861737369735F7461736B04
:104D9000000000005549447261775F7461736B00D5
:104DA00043414E315F52785F7461736B00000000C5
:104DB00043414E325F52785F7461736B00000000B4
:104DC00043414E335F52785F7461736B00000000A3
:104DD000445231365F52785F7461736B000000009B
:104DE000526566657265655F52785F7461736B00CA
:104DF00053657269616C5F52785F7461736B000018
:104E0000444E0108000000242003000008030008AD
:104E1000F44E01082003002498CD0000640300082C
:104E200019CEFFFF41CEFFFFE5CDFFFF2DCEFFFFE7
:104E3000FDCDFFFF29CDFFFF15CDFFFFD5CCFFFF37
:104E40003DCDFFFF0168321042013C90D0030401C8
:104E5000731AAA01A1EB803F0C2D6F12033C0C3A90
:104E600090A9A920516910000A123FCDCCCC3D0A6F
:104E7000D7233D091054410A190A1C21396D31729A
:104E8000FF83F0412968C9300916440130C94869D7
:104E900082013C6AFFBF59D232023203320432052A
:104EA0003206320732083209320A329632AF32C83D
:104EB00032E132FA1A133D1A2C041A45041A5E0420
:104EC0001A9004323C32413246324B325032553223
:104ED0005A325F5A6404322D323232370912342981
:104EE000302928E10B14803F0C070082438F284EA5
:044EF000340000008A
:04000005080002CD20
:00000001FF
